ID_Socio,Edad,Genero,Ciudad,Fecha_Inscripcion,Estatus
SOC-2001,58,Masculino,CDMX,2025-01-14,Activo
SOC-2002,35,Masculino,Guadalajara,2024-03-12,Cancelado
SOC-2003,65,Masculino,Mérida,2025-01-14,Activo
SOC-2004,52,Masculino,Querétaro,2024-08-04,Activo
SOC-2005,20,Masculino,CDMX,2024-04-21,Activo
SOC-2006,32,Otro,Querétaro,2024-01-14,Activo
SOC-2007,53,Masculino,Mérida,2024-11-28,Activo
SOC-2008,62,Otro,Puebla,2024-04-22,Inactivo
SOC-2009,46,Otro,Monterrey,2025-02-18,Activo
SOC-2010,18,Masculino,Mérida,2024-08-04,Activo
SOC-2011,39,Femenino,Guadalajara,2024-04-20,Activo
SOC-2012,66,Femenino,CDMX,2024-02-17,Cancelado
SOC-2013,42,Masculino,Monterrey,2025-03-09,Inactivo
SOC-2014,40,Otro,Monterrey,2025-02-17,Activo
SOC-2015,20,Otro,Puebla,2024-10-01,Activo
SOC-2016,25,Femenino,CDMX,2024-10-09,Activo
SOC-2017,36,Otro,Querétaro,2025-03-29,Activo
SOC-2018,41,Otro,Guadalajara,2024-12-26,Activo
SOC-2019,22,Masculino,Mérida,2024-04-26,Activo
SOC-2020,67,Femenino,CDMX,2025-03-13,Activo
SOC-2021,32,Masculino,Puebla,2024-05-22,Activo
SOC-2022,47,Otro,Tijuana,2024-07-05,Activo
SOC-2023,28,Femenino,Monterrey,2024-04-17,Activo
SOC-2024,60,Femenino,Mérida,2025-04-24,Activo
SOC-2025,61,Otro,CDMX,2024-11-07,Activo
SOC-2026,58,Masculino,Querétaro,2025-01-08,Inactivo
SOC-2027,33,Masculino,Puebla,2024-07-13,Activo
SOC-2028,35,Otro,Mérida,2024-10-12,Activo
SOC-2029,32,Otro,Monterrey,2025-03-07,Activo
SOC-2030,67,Masculino,Guadalajara,2025-02-24,Activo
SOC-2031,20,Femenino,Puebla,2024-05-17,Activo
SOC-2032,22,Masculino,Querétaro,2025-03-24,Activo
SOC-2033,63,Femenino,Guadalajara,2024-12-01,Activo
SOC-2034,49,Femenino,Mérida,2024-08-22,Cancelado
SOC-2035,27,Femenino,Guadalajara,2024-05-06,Cancelado
SOC-2036,65,Otro,Querétaro,2024-05-14,Inactivo
SOC-2037,65,Otro,Puebla,2025-04-04,Activo
SOC-2038,55,Femenino,Monterrey,2024-04-22,Activo
SOC-2039,26,Otro,Puebla,2024-02-16,Activo
SOC-2040,66,Masculino,Tijuana,2024-02-26,Activo
SOC-2041,27,Otro,Guadalajara,2025-02-09,Activo
SOC-2042,61,Femenino,Querétaro,2024-02-02,Activo
SOC-2043,42,Femenino,Querétaro,2024-08-27,Activo
SOC-2044,51,Femenino,Querétaro,2025-03-16,Cancelado
SOC-2045,18,Otro,Mérida,2024-02-28,Activo
SOC-2046,61,Otro,Tijuana,2024-05-16,Activo
SOC-2047,67,Otro,Monterrey,2024-02-27,Activo
SOC-2048,36,Femenino,Guadalajara,2024-08-20,Activo
SOC-2049,18,Otro,Mérida,2024-05-14,Activo
SOC-2050,50,Masculino,Querétaro,2025-04-12,Activo
SOC-2051,24,Otro,Monterrey,2025-03-06,Cancelado
SOC-2052,58,Otro,Querétaro,2024-04-11,Inactivo
SOC-2053,27,Femenino,Tijuana,2024-03-23,Cancelado
SOC-2054,52,Otro,CDMX,2024-11-02,Inactivo
SOC-2055,38,Femenino,CDMX,2024-02-27,Activo
SOC-2056,41,Femenino,Guadalajara,2024-01-30,Cancelado
SOC-2057,33,Otro,CDMX,2024-02-13,Activo
SOC-2058,64,Femenino,Tijuana,2024-02-05,Activo
SOC-2059,66,Otro,Tijuana,2024-03-05,Activo
SOC-2060,26,Otro,Puebla,2025-04-29,Activo
SOC-2061,53,Masculino,Monterrey,2024-09-27,Activo
SOC-2062,56,Femenino,Guadalajara,2025-04-20,Activo
SOC-2063,52,Otro,Mérida,2024-04-12,Inactivo
SOC-2064,63,Femenino,Puebla,2024-12-09,Activo
SOC-2065,59,Femenino,Puebla,2025-04-05,Activo
SOC-2066,51,Femenino,CDMX,2024-05-06,Activo
SOC-2067,32,Masculino,Monterrey,2024-01-11,Activo
SOC-2068,55,Otro,Guadalajara,2024-10-28,Inactivo
SOC-2069,32,Masculino,CDMX,2024-12-28,Activo
SOC-2070,58,Masculino,Guadalajara,2024-02-04,Cancelado
SOC-2071,20,Femenino,CDMX,2024-09-20,Inactivo
SOC-2072,33,Femenino,Mérida,2024-09-05,Activo
SOC-2073,31,Otro,Guadalajara,2025-01-05,Activo
SOC-2074,54,Otro,Puebla,2024-05-04,Inactivo
SOC-2075,68,Femenino,Tijuana,2024-07-27,Activo
SOC-2076,30,Masculino,CDMX,2024-12-03,Activo
SOC-2077,45,Femenino,Puebla,2024-07-29,Inactivo
SOC-2078,47,Otro,CDMX,2024-12-10,Activo
SOC-2079,59,Otro,CDMX,2024-02-01,Activo
SOC-2080,43,Otro,Monterrey,2025-02-13,Activo
SOC-2081,24,Masculino,Guadalajara,2024-04-07,Inactivo
SOC-2082,52,Femenino,Guadalajara,2024-08-04,Activo
SOC-2083,29,Femenino,Puebla,2024-05-07,Activo
SOC-2084,22,Femenino,Tijuana,2025-03-17,Activo
SOC-2085,53,Masculino,CDMX,2024-11-29,Activo
SOC-2086,52,Masculino,CDMX,2025-04-19,Activo
SOC-2087,66,Masculino,Guadalajara,2024-07-27,Activo
SOC-2088,49,Femenino,Guadalajara,2025-03-18,Activo
SOC-2089,43,Masculino,Guadalajara,2024-07-13,Inactivo
SOC-2090,18,Femenino,Monterrey,2025-04-19,Activo
SOC-2091,68,Femenino,Monterrey,2024-08-04,Activo
SOC-2092,62,Otro,Tijuana,2024-10-11,Activo
SOC-2093,60,Otro,Puebla,2024-03-20,Inactivo
SOC-2094,30,Femenino,Guadalajara,2025-05-10,Activo
SOC-2095,21,Otro,Mérida,2024-10-04,Inactivo
SOC-2096,21,Otro,Monterrey,2024-01-30,Activo
SOC-2097,21,Otro,Puebla,2024-09-14,Activo
SOC-2098,51,Masculino,CDMX,2025-05-06,Activo
SOC-2099,50,Masculino,Tijuana,2024-04-05,Activo
SOC-2100,22,Otro,CDMX,2024-12-11,Activo
SOC-2101,33,Femenino,CDMX,2025-04-27,Activo
SOC-2102,54,Masculino,Querétaro,2024-10-31,Activo
SOC-2103,20,Otro,CDMX,2024-08-02,Activo
SOC-2104,60,Otro,Querétaro,2024-09-24,Activo
SOC-2105,38,Femenino,Guadalajara,2024-12-08,Cancelado
SOC-2106,63,Femenino,Guadalajara,2024-05-15,Activo
SOC-2107,43,Masculino,Mérida,2024-11-26,Activo
SOC-2108,37,Femenino,Monterrey,2025-04-20,Inactivo
SOC-2109,66,Masculino,CDMX,2024-08-22,Activo
SOC-2110,57,Otro,CDMX,2024-02-07,Activo
SOC-2111,52,Masculino,Querétaro,2024-05-15,Activo
SOC-2112,26,Femenino,CDMX,2025-03-26,Activo
SOC-2113,33,Femenino,Monterrey,2024-03-21,Cancelado
SOC-2114,46,Otro,Mérida,2024-06-03,Inactivo
SOC-2115,57,Otro,Querétaro,2024-01-05,Activo
SOC-2116,60,Otro,Monterrey,2025-04-22,Inactivo
SOC-2117,60,Masculino,Guadalajara,2024-05-15,Inactivo
SOC-2118,25,Masculino,Mérida,2024-10-10,Activo
SOC-2119,27,Femenino,Monterrey,2024-11-05,Inactivo
SOC-2120,31,Otro,Monterrey,2024-04-14,Activo
SOC-2121,61,Otro,Tijuana,2024-05-15,Inactivo
SOC-2122,50,Femenino,Monterrey,2025-04-08,Inactivo
SOC-2123,21,Masculino,Mérida,2024-08-04,Activo
SOC-2124,35,Masculino,CDMX,2024-06-19,Activo
SOC-2125,67,Masculino,Mérida,2024-05-14,Activo
SOC-2126,28,Otro,Puebla,2024-10-09,Activo
SOC-2127,63,Femenino,Querétaro,2024-01-05,Inactivo
SOC-2128,25,Masculino,Mérida,2025-04-07,Inactivo
SOC-2129,27,Otro,CDMX,2025-03-03,Activo
SOC-2130,41,Otro,Querétaro,2024-03-16,Activo
SOC-2131,45,Masculino,CDMX,2024-06-06,Activo
SOC-2132,41,Masculino,Monterrey,2024-04-17,Activo
SOC-2133,61,Masculino,Mérida,2024-02-22,Activo
SOC-2134,40,Otro,Tijuana,2024-07-27,Activo
SOC-2135,57,Otro,Guadalajara,2025-04-18,Cancelado
SOC-2136,33,Masculino,Tijuana,2025-02-19,Activo
SOC-2137,29,Femenino,CDMX,2024-04-01,Activo
SOC-2138,65,Femenino,Tijuana,2025-04-21,Activo
SOC-2139,44,Otro,Tijuana,2025-01-11,Activo
SOC-2140,69,Masculino,Monterrey,2024-03-22,Cancelado
SOC-2141,68,Otro,CDMX,2024-07-14,Cancelado
SOC-2142,20,Femenino,Guadalajara,2024-04-12,Activo
SOC-2143,70,Femenino,Monterrey,2024-06-05,Activo
SOC-2144,70,Masculino,Guadalajara,2024-01-13,Activo
SOC-2145,60,Masculino,Puebla,2024-06-17,Activo
SOC-2146,35,Masculino,Tijuana,2024-05-22,Activo
SOC-2147,40,Otro,Querétaro,2024-07-23,Activo
SOC-2148,61,Otro,Monterrey,2025-04-25,Activo
SOC-2149,19,Masculino,Monterrey,2024-04-01,Activo
SOC-2150,55,Femenino,CDMX,2024-02-25,Activo
SOC-2151,56,Femenino,Monterrey,2025-01-08,Cancelado
SOC-2152,68,Femenino,Puebla,2024-11-06,Activo
SOC-2153,50,Masculino,Puebla,2025-04-05,Activo
SOC-2154,54,Masculino,Monterrey,2024-01-23,Activo
SOC-2155,63,Femenino,CDMX,2024-09-23,Cancelado
SOC-2156,69,Otro,Mérida,2025-01-03,Activo
SOC-2157,65,Otro,Mérida,2024-04-10,Activo
SOC-2158,41,Femenino,CDMX,2025-04-30,Inactivo
SOC-2159,60,Femenino,Querétaro,2024-06-09,Activo
SOC-2160,60,Masculino,Mérida,2025-04-05,Activo
SOC-2161,37,Otro,Monterrey,2024-12-07,Activo
SOC-2162,44,Femenino,Puebla,2024-12-22,Activo
SOC-2163,36,Otro,Guadalajara,2024-04-08,Activo
SOC-2164,44,Otro,Puebla,2024-12-12,Activo
SOC-2165,65,Masculino,Querétaro,2024-10-18,Activo
SOC-2166,37,Femenino,Querétaro,2025-03-02,Inactivo
SOC-2167,18,Femenino,Monterrey,2024-04-17,Activo
SOC-2168,45,Otro,Querétaro,2024-12-01,Activo
SOC-2169,38,Femenino,Puebla,2024-08-14,Activo
SOC-2170,61,Masculino,Querétaro,2024-08-30,Activo
SOC-2171,68,Otro,Guadalajara,2024-12-03,Activo
SOC-2172,23,Femenino,Querétaro,2024-12-05,Activo
SOC-2173,58,Otro,Monterrey,2024-02-17,Activo
SOC-2174,70,Masculino,Mérida,2024-06-07,Activo
SOC-2175,32,Masculino,Guadalajara,2024-01-13,Activo
SOC-2176,20,Masculino,Puebla,2024-11-08,Activo
SOC-2177,67,Masculino,Puebla,2024-07-31,Activo
SOC-2178,58,Otro,Guadalajara,2025-01-02,Activo
SOC-2179,62,Femenino,Puebla,2024-07-23,Cancelado
SOC-2180,33,Masculino,Mérida,2024-12-18,Activo
SOC-2181,18,Masculino,Tijuana,2024-08-05,Activo
SOC-2182,32,Masculino,Tijuana,2025-05-05,Activo
SOC-2183,62,Otro,Puebla,2024-01-26,Cancelado
SOC-2184,53,Masculino,Tijuana,2024-03-03,Inactivo
SOC-2185,47,Masculino,Tijuana,2024-08-25,Activo
SOC-2186,60,Otro,Querétaro,2024-10-31,Activo
SOC-2187,38,Femenino,Querétaro,2025-02-21,Inactivo
SOC-2188,64,Otro,Puebla,2025-03-01,Activo
SOC-2189,53,Femenino,Guadalajara,2025-01-15,Activo
SOC-2190,48,Femenino,Monterrey,2025-01-19,Activo
SOC-2191,33,Otro,Monterrey,2025-01-27,Activo
SOC-2192,67,Otro,Puebla,2024-11-16,Inactivo
SOC-2193,33,Femenino,Puebla,2024-02-09,Cancelado
SOC-2194,63,Femenino,Guadalajara,2024-05-19,Activo
SOC-2195,39,Femenino,Querétaro,2024-02-11,Activo
SOC-2196,26,Masculino,Guadalajara,2024-07-15,Activo
SOC-2197,62,Masculino,Mérida,2024-04-19,Activo
SOC-2198,22,Femenino,Puebla,2024-06-18,Inactivo
SOC-2199,52,Femenino,Puebla,2024-02-01,Inactivo
SOC-2200,31,Femenino,Puebla,2025-04-08,Inactivo
SOC-2201,67,Otro,Mérida,2024-01-11,Activo
SOC-2202,66,Otro,Puebla,2024-09-01,Activo
SOC-2203,18,Femenino,Monterrey,2025-01-20,Activo
SOC-2204,42,Femenino,Querétaro,2025-01-17,Inactivo
SOC-2205,65,Otro,Tijuana,2024-11-04,Activo
SOC-2206,32,Femenino,Guadalajara,2024-05-19,Activo
SOC-2207,45,Femenino,CDMX,2024-07-18,Activo
SOC-2208,39,Otro,Mérida,2025-02-12,Activo
SOC-2209,43,Otro,Guadalajara,2025-03-06,Activo
SOC-2210,47,Masculino,Querétaro,2024-09-30,Activo
SOC-2211,19,Femenino,Querétaro,2024-10-15,Activo
SOC-2212,60,Masculino,CDMX,2024-11-25,Activo
SOC-2213,45,Masculino,Tijuana,2024-08-24,Activo
SOC-2214,29,Masculino,Monterrey,2024-07-13,Activo
SOC-2215,38,Masculino,Puebla,2024-06-16,Activo
SOC-2216,39,Femenino,Monterrey,2025-01-20,Activo
SOC-2217,44,Femenino,Tijuana,2024-02-11,Activo
SOC-2218,48,Masculino,Mérida,2024-10-03,Activo
SOC-2219,21,Femenino,Guadalajara,2024-11-28,Activo
SOC-2220,22,Otro,CDMX,2025-01-21,Inactivo
SOC-2221,19,Masculino,Guadalajara,2025-03-05,Activo
SOC-2222,19,Otro,Guadalajara,2024-05-02,Activo
SOC-2223,26,Femenino,Mérida,2024-02-28,Activo
SOC-2224,54,Masculino,Puebla,2024-12-24,Activo
SOC-2225,34,Femenino,Guadalajara,2024-11-06,Activo
SOC-2226,56,Otro,Mérida,2024-02-28,Activo
SOC-2227,67,Masculino,Monterrey,2024-02-25,Cancelado
SOC-2228,55,Masculino,Monterrey,2024-10-21,Activo
SOC-2229,61,Femenino,Puebla,2025-04-27,Inactivo
SOC-2230,63,Masculino,CDMX,2024-10-30,Activo
SOC-2231,62,Otro,Guadalajara,2024-02-22,Inactivo
SOC-2232,62,Femenino,Tijuana,2024-12-16,Activo
SOC-2233,56,Masculino,Tijuana,2024-10-16,Activo
SOC-2234,68,Masculino,Monterrey,2024-09-29,Activo
SOC-2235,45,Otro,Monterrey,2024-02-05,Activo
SOC-2236,50,Otro,Monterrey,2024-01-07,Activo
SOC-2237,44,Femenino,CDMX,2024-08-09,Activo
SOC-2238,41,Otro,Tijuana,2024-08-23,Activo
SOC-2239,63,Masculino,Puebla,2024-03-31,Activo
SOC-2240,64,Otro,Mérida,2024-05-18,Activo
SOC-2241,57,Otro,Tijuana,2024-09-04,Cancelado
SOC-2242,47,Femenino,Tijuana,2025-01-09,Cancelado
SOC-2243,55,Femenino,Monterrey,2025-03-12,Cancelado
SOC-2244,33,Masculino,Monterrey,2025-03-27,Activo
SOC-2245,46,Masculino,Tijuana,2024-08-25,Activo
SOC-2246,54,Otro,Mérida,2024-07-13,Cancelado
SOC-2247,39,Masculino,Puebla,2025-03-11,Activo
SOC-2248,38,Masculino,Puebla,2024-04-18,Cancelado
SOC-2249,40,Femenino,Monterrey,2024-05-23,Cancelado
SOC-2250,56,Otro,Monterrey,2024-10-11,Inactivo
SOC-2251,18,Otro,Guadalajara,2024-02-13,Activo
SOC-2252,33,Otro,Puebla,2024-09-07,Activo
SOC-2253,53,Masculino,Mérida,2024-08-31,Inactivo
SOC-2254,59,Otro,Puebla,2024-08-17,Activo
SOC-2255,68,Masculino,CDMX,2024-05-30,Activo
SOC-2256,32,Femenino,Mérida,2024-05-04,Activo
SOC-2257,37,Otro,Querétaro,2024-07-07,Cancelado
SOC-2258,48,Otro,Querétaro,2024-06-25,Activo
SOC-2259,45,Otro,Querétaro,2024-06-18,Activo
SOC-2260,40,Otro,Puebla,2024-05-18,Activo
SOC-2261,37,Femenino,Guadalajara,2024-03-02,Activo
SOC-2262,64,Masculino,Monterrey,2024-03-02,Cancelado
SOC-2263,65,Otro,Tijuana,2024-12-19,Activo
SOC-2264,29,Masculino,Guadalajara,2025-01-13,Activo
SOC-2265,48,Femenino,Mérida,2024-10-28,Inactivo
SOC-2266,66,Otro,Querétaro,2024-05-24,Activo
SOC-2267,24,Masculino,Monterrey,2024-04-26,Activo
SOC-2268,41,Masculino,Monterrey,2024-01-08,Activo
SOC-2269,63,Otro,Guadalajara,2024-05-20,Activo
SOC-2270,20,Masculino,Querétaro,2024-05-29,Activo
SOC-2271,62,Masculino,Mérida,2025-03-20,Inactivo
SOC-2272,66,Femenino,CDMX,2025-03-22,Inactivo
SOC-2273,18,Otro,Monterrey,2024-08-28,Inactivo
SOC-2274,48,Femenino,Monterrey,2024-04-04,Cancelado
SOC-2275,21,Femenino,Tijuana,2024-09-01,Activo
SOC-2276,25,Masculino,Puebla,2024-09-08,Activo
SOC-2277,22,Otro,Mérida,2024-12-17,Inactivo
SOC-2278,21,Masculino,Guadalajara,2025-02-19,Activo
SOC-2279,54,Femenino,CDMX,2024-05-07,Activo
SOC-2280,25,Otro,Tijuana,2024-08-01,Inactivo
SOC-2281,56,Otro,Tijuana,2024-11-12,Inactivo
SOC-2282,32,Otro,Puebla,2024-08-18,Activo
SOC-2283,46,Femenino,Tijuana,2024-10-28,Activo
SOC-2284,45,Femenino,Querétaro,2024-11-13,Activo
SOC-2285,21,Otro,Mérida,2024-02-20,Activo
SOC-2286,66,Masculino,Mérida,2024-04-18,Activo
SOC-2287,34,Otro,CDMX,2024-03-21,Activo
SOC-2288,33,Masculino,Querétaro,2024-02-08,Activo
SOC-2289,28,Masculino,Puebla,2024-08-18,Activo
SOC-2290,62,Otro,Puebla,2024-05-29,Activo
SOC-2291,20,Masculino,Monterrey,2024-12-27,Activo
SOC-2292,36,Otro,Tijuana,2024-08-20,Activo
SOC-2293,22,Otro,Guadalajara,2025-04-18,Inactivo
SOC-2294,34,Otro,Querétaro,2024-12-04,Activo
SOC-2295,69,Masculino,Puebla,2024-02-28,Activo
SOC-2296,52,Masculino,Mérida,2024-03-17,Activo
SOC-2297,35,Masculino,CDMX,2024-01-31,Inactivo
SOC-2298,28,Femenino,Querétaro,2025-01-18,Activo
SOC-2299,70,Otro,Monterrey,2024-08-12,Activo
SOC-2300,25,Femenino,Mérida,2024-06-04,Activo
SOC-2301,62,Femenino,Monterrey,2024-09-13,Activo
SOC-2302,52,Femenino,Puebla,2024-02-11,Activo
SOC-2303,56,Masculino,Puebla,2025-01-11,Activo
SOC-2304,38,Otro,Monterrey,2024-01-14,Activo
SOC-2305,23,Masculino,Mérida,2025-03-04,Activo
SOC-2306,54,Otro,CDMX,2025-01-26,Cancelado
SOC-2307,61,Femenino,Querétaro,2024-01-21,Activo
SOC-2308,66,Masculino,Puebla,2024-09-22,Activo
SOC-2309,59,Femenino,Monterrey,2024-04-02,Inactivo
SOC-2310,55,Femenino,Mérida,2025-02-20,Activo
SOC-2311,49,Masculino,Puebla,2024-06-27,Activo
SOC-2312,44,Femenino,Monterrey,2024-12-09,Activo
SOC-2313,24,Masculino,Monterrey,2024-07-29,Activo
SOC-2314,62,Femenino,Monterrey,2024-12-05,Cancelado
SOC-2315,43,Otro,CDMX,2024-08-20,Inactivo
SOC-2316,23,Femenino,Monterrey,2024-06-14,Activo
SOC-2317,25,Femenino,Tijuana,2024-09-20,Activo
SOC-2318,70,Masculino,Mérida,2025-03-21,Activo
SOC-2319,52,Femenino,Puebla,2024-01-28,Activo
SOC-2320,30,Otro,Monterrey,2024-11-14,Activo
SOC-2321,66,Femenino,Mérida,2024-08-14,Activo
SOC-2322,66,Masculino,Guadalajara,2024-05-16,Activo
SOC-2323,53,Masculino,Monterrey,2024-08-12,Activo
SOC-2324,62,Femenino,CDMX,2024-01-15,Activo
SOC-2325,58,Otro,Tijuana,2024-05-02,Cancelado
SOC-2326,63,Masculino,Monterrey,2024-10-09,Activo
SOC-2327,18,Otro,Puebla,2024-02-17,Activo
SOC-2328,32,Masculino,Puebla,2025-04-29,Activo
SOC-2329,25,Otro,Tijuana,2024-03-19,Activo
SOC-2330,49,Otro,Monterrey,2024-09-17,Activo
SOC-2331,63,Femenino,Puebla,2025-03-03,Activo
SOC-2332,48,Femenino,Guadalajara,2024-08-21,Inactivo
SOC-2333,53,Masculino,Puebla,2024-04-07,Activo
SOC-2334,56,Otro,Mérida,2025-03-26,Activo
SOC-2335,26,Masculino,Monterrey,2025-01-30,Activo
SOC-2336,68,Femenino,Monterrey,2025-04-23,Activo
SOC-2337,68,Otro,Monterrey,2025-02-24,Inactivo
SOC-2338,18,Femenino,Mérida,2024-06-01,Activo
SOC-2339,55,Otro,Mérida,2024-09-07,Activo
SOC-2340,27,Femenino,Querétaro,2024-09-04,Activo
SOC-2341,40,Femenino,Querétaro,2025-01-25,Activo
SOC-2342,52,Femenino,Puebla,2025-04-22,Activo
SOC-2343,38,Masculino,Mérida,2024-05-02,Activo
SOC-2344,54,Femenino,Guadalajara,2025-03-14,Activo
SOC-2345,67,Femenino,CDMX,2024-06-11,Activo
SOC-2346,65,Femenino,Mérida,2025-04-12,Activo
SOC-2347,69,Femenino,Puebla,2024-12-05,Activo
SOC-2348,68,Otro,Guadalajara,2024-09-10,Activo
SOC-2349,20,Masculino,Querétaro,2025-05-09,Activo
SOC-2350,55,Femenino,Tijuana,2024-02-21,Activo
SOC-2351,46,Masculino,Querétaro,2025-04-11,Activo
SOC-2352,47,Masculino,Mérida,2024-03-14,Inactivo
SOC-2353,44,Otro,Guadalajara,2024-02-08,Activo
SOC-2354,48,Femenino,Monterrey,2024-11-15,Activo
SOC-2355,62,Femenino,Mérida,2024-02-11,Activo
SOC-2356,39,Otro,Tijuana,2024-09-30,Activo
SOC-2357,42,Femenino,Mérida,2025-01-02,Activo
SOC-2358,66,Femenino,Tijuana,2024-10-04,Activo
SOC-2359,20,Otro,CDMX,2024-04-30,Cancelado
SOC-2360,58,Otro,Monterrey,2024-04-26,Activo
SOC-2361,65,Masculino,Puebla,2025-05-15,Activo
SOC-2362,24,Otro,Mérida,2025-03-22,Activo
SOC-2363,24,Femenino,Guadalajara,2024-12-21,Activo
SOC-2364,37,Masculino,CDMX,2024-06-15,Activo
SOC-2365,68,Masculino,Monterrey,2024-07-02,Cancelado
SOC-2366,41,Femenino,Guadalajara,2024-05-05,Activo
SOC-2367,51,Femenino,Querétaro,2024-12-15,Cancelado
SOC-2368,68,Masculino,Guadalajara,2024-03-30,Cancelado
SOC-2369,23,Otro,Tijuana,2024-07-14,Activo
SOC-2370,57,Otro,Guadalajara,2024-09-11,Activo
SOC-2371,55,Masculino,Guadalajara,2024-08-24,Activo
SOC-2372,58,Femenino,Puebla,2024-05-10,Activo
SOC-2373,60,Masculino,Tijuana,2024-08-26,Activo
SOC-2374,36,Otro,Querétaro,2024-03-21,Activo
SOC-2375,22,Femenino,Monterrey,2024-10-27,Activo
SOC-2376,37,Otro,Puebla,2024-12-19,Activo
SOC-2377,34,Femenino,Tijuana,2024-06-03,Inactivo
SOC-2378,30,Femenino,Tijuana,2024-09-04,Activo
SOC-2379,24,Masculino,Puebla,2024-10-19,Inactivo
SOC-2380,40,Otro,Monterrey,2024-12-24,Activo
SOC-2381,36,Masculino,Tijuana,2024-12-03,Activo
SOC-2382,43,Femenino,CDMX,2024-10-16,Activo
SOC-2383,61,Otro,CDMX,2025-04-11,Activo
SOC-2384,56,Otro,Puebla,2025-03-02,Inactivo
SOC-2385,36,Masculino,Querétaro,2025-02-14,Activo
SOC-2386,40,Masculino,Mérida,2024-04-07,Inactivo
SOC-2387,57,Femenino,Mérida,2025-01-21,Activo
SOC-2388,64,Otro,Mérida,2025-03-05,Activo
SOC-2389,26,Otro,CDMX,2025-04-07,Inactivo
SOC-2390,58,Otro,CDMX,2024-06-07,Inactivo
SOC-2391,68,Femenino,CDMX,2024-10-23,Cancelado
SOC-2392,41,Otro,Guadalajara,2024-02-16,Activo
SOC-2393,36,Femenino,Mérida,2024-07-31,Activo
SOC-2394,29,Masculino,Guadalajara,2025-02-06,Inactivo
SOC-2395,52,Femenino,Querétaro,2024-09-13,Activo
SOC-2396,35,Masculino,Monterrey,2025-04-12,Cancelado
SOC-2397,70,Femenino,Tijuana,2024-05-31,Inactivo
SOC-2398,65,Femenino,Tijuana,2024-02-28,Activo
SOC-2399,47,Masculino,Guadalajara,2025-01-21,Inactivo
SOC-2400,32,Otro,Mérida,2024-12-11,Inactivo
SOC-2401,43,Otro,Monterrey,2024-02-16,Activo
SOC-2402,68,Femenino,CDMX,2024-05-15,Cancelado
SOC-2403,52,Masculino,Puebla,2024-07-07,Activo
SOC-2404,61,Otro,Mérida,2024-05-14,Inactivo
SOC-2405,55,Femenino,Tijuana,2024-11-22,Activo
SOC-2406,41,Masculino,Mérida,2024-04-29,Inactivo
SOC-2407,48,Masculino,Querétaro,2025-03-28,Activo
SOC-2408,53,Femenino,Querétaro,2024-04-23,Activo
SOC-2409,59,Masculino,Mérida,2025-02-25,Cancelado
SOC-2410,47,Otro,Monterrey,2024-11-28,Activo
SOC-2411,44,Masculino,Guadalajara,2024-01-24,Activo
SOC-2412,20,Femenino,Puebla,2024-02-29,Cancelado
SOC-2413,24,Masculino,Querétaro,2024-03-10,Cancelado
SOC-2414,42,Femenino,Monterrey,2024-12-09,Activo
SOC-2415,65,Otro,Querétaro,2024-08-02,Activo
SOC-2416,55,Otro,Mérida,2024-03-20,Activo
SOC-2417,44,Otro,CDMX,2025-03-02,Activo
SOC-2418,49,Otro,Puebla,2025-04-25,Activo
SOC-2419,35,Masculino,Mérida,2024-07-08,Activo
SOC-2420,31,Femenino,Puebla,2025-05-01,Inactivo
SOC-2421,33,Femenino,CDMX,2024-12-17,Inactivo
SOC-2422,41,Otro,Mérida,2024-07-02,Inactivo
SOC-2423,21,Femenino,Monterrey,2024-04-07,Activo
SOC-2424,25,Femenino,CDMX,2024-12-05,Activo
SOC-2425,31,Otro,Mérida,2024-11-01,Activo
SOC-2426,19,Masculino,Tijuana,2024-06-19,Activo
SOC-2427,33,Masculino,Tijuana,2024-10-16,Activo
SOC-2428,31,Masculino,Tijuana,2025-01-26,Inactivo
SOC-2429,53,Masculino,Querétaro,2024-04-20,Activo
SOC-2430,70,Masculino,Monterrey,2025-01-31,Activo
SOC-2431,27,Otro,CDMX,2024-05-21,Activo
SOC-2432,27,Masculino,Querétaro,2024-05-08,Inactivo
SOC-2433,69,Masculino,CDMX,2024-12-04,Activo
SOC-2434,19,Masculino,CDMX,2024-07-02,Activo
SOC-2435,68,Masculino,Querétaro,2024-06-14,Activo
SOC-2436,19,Masculino,Monterrey,2024-01-27,Activo
SOC-2437,26,Otro,Puebla,2024-09-26,Activo
SOC-2438,25,Otro,CDMX,2024-08-31,Inactivo
SOC-2439,46,Femenino,Querétaro,2024-10-30,Activo
SOC-2440,24,Femenino,Querétaro,2024-04-23,Activo
SOC-2441,57,Masculino,Mérida,2025-02-05,Activo
SOC-2442,60,Otro,Monterrey,2024-08-22,Cancelado
SOC-2443,59,Masculino,CDMX,2024-09-02,Activo
SOC-2444,43,Femenino,Mérida,2024-02-25,Activo
SOC-2445,49,Otro,Puebla,2024-02-07,Inactivo
SOC-2446,23,Femenino,Querétaro,2024-03-16,Cancelado
SOC-2447,22,Masculino,Monterrey,2024-11-15,Cancelado
SOC-2448,58,Otro,Querétaro,2024-12-30,Inactivo
SOC-2449,38,Femenino,Querétaro,2024-09-28,Activo
SOC-2450,36,Femenino,Querétaro,2024-11-05,Activo
SOC-2451,45,Masculino,Tijuana,2024-12-25,Inactivo
SOC-2452,25,Otro,Mérida,2025-03-25,Activo
SOC-2453,67,Otro,Mérida,2025-03-19,Activo
SOC-2454,31,Femenino,Puebla,2025-03-30,Cancelado
SOC-2455,32,Femenino,Monterrey,2025-02-27,Activo
SOC-2456,47,Femenino,Puebla,2025-01-08,Activo
SOC-2457,24,Femenino,Puebla,2024-06-09,Activo
SOC-2458,60,Femenino,Monterrey,2025-05-03,Activo
SOC-2459,27,Otro,Puebla,2024-02-04,Activo
SOC-2460,23,Masculino,CDMX,2024-08-09,Activo
SOC-2461,24,Otro,Mérida,2024-07-09,Activo
SOC-2462,69,Masculino,Querétaro,2024-01-31,Activo
SOC-2463,55,Otro,Querétaro,2024-06-17,Activo
SOC-2464,60,Masculino,Puebla,2024-06-30,Activo
SOC-2465,60,Femenino,Tijuana,2025-04-13,Cancelado
SOC-2466,64,Masculino,Monterrey,2024-11-03,Activo
SOC-2467,37,Femenino,CDMX,2024-10-22,Activo
SOC-2468,50,Masculino,Guadalajara,2024-12-02,Inactivo
SOC-2469,48,Masculino,Tijuana,2024-02-25,Activo
SOC-2470,40,Otro,Monterrey,2024-02-28,Cancelado
SOC-2471,66,Femenino,Querétaro,2024-04-25,Activo
SOC-2472,69,Femenino,Tijuana,2024-10-14,Cancelado
SOC-2473,67,Otro,Querétaro,2024-12-11,Activo
SOC-2474,59,Otro,CDMX,2024-11-07,Inactivo
SOC-2475,60,Otro,Monterrey,2024-01-15,Activo
SOC-2476,29,Femenino,Mérida,2025-01-25,Cancelado
SOC-2477,37,Femenino,Monterrey,2024-01-04,Activo
SOC-2478,29,Masculino,Querétaro,2024-12-02,Activo
SOC-2479,43,Masculino,Guadalajara,2025-01-14,Cancelado
SOC-2480,58,Masculino,CDMX,2025-01-17,Activo
SOC-2481,51,Masculino,Puebla,2024-08-02,Activo
SOC-2482,47,Femenino,Guadalajara,2024-07-08,Activo
SOC-2483,37,Otro,Monterrey,2025-02-01,Activo
SOC-2484,54,Otro,CDMX,2025-03-28,Activo
SOC-2485,21,Masculino,Guadalajara,2025-01-21,Activo
SOC-2486,57,Masculino,Mérida,2024-02-11,Cancelado
SOC-2487,35,Femenino,Mérida,2024-08-05,Activo
SOC-2488,49,Otro,Puebla,2024-07-31,Activo
SOC-2489,35,Masculino,Tijuana,2024-09-19,Cancelado
SOC-2490,25,Femenino,Puebla,2024-02-26,Inactivo
SOC-2491,36,Otro,Mérida,2024-10-30,Activo
SOC-2492,49,Otro,Mérida,2024-06-06,Activo
SOC-2493,20,Masculino,Puebla,2024-11-02,Activo
SOC-2494,21,Masculino,Guadalajara,2024-06-03,Activo
SOC-2495,31,Masculino,Tijuana,2024-05-10,Activo
SOC-2496,36,Femenino,CDMX,2024-01-04,Activo
SOC-2497,49,Otro,Puebla,2024-03-30,Activo
SOC-2498,26,Femenino,Querétaro,2024-12-26,Activo
SOC-2499,32,Otro,Querétaro,2025-03-02,Cancelado
SOC-2500,60,Femenino,CDMX,2024-07-22,Cancelado
SOC-2501,65,Masculino,Puebla,2024-01-10,Activo
SOC-2502,47,Masculino,Tijuana,2024-06-09,Activo
SOC-2503,54,Femenino,Querétaro,2024-07-26,Activo
SOC-2504,63,Otro,Puebla,2024-05-28,Inactivo
SOC-2505,25,Femenino,CDMX,2025-05-09,Activo
SOC-2506,38,Masculino,Tijuana,2025-04-30,Activo
SOC-2507,57,Femenino,Tijuana,2024-12-19,Cancelado
SOC-2508,41,Masculino,Puebla,2025-03-08,Inactivo
SOC-2509,24,Masculino,Puebla,2024-10-28,Cancelado
SOC-2510,43,Otro,CDMX,2024-07-21,Activo
SOC-2511,37,Otro,Monterrey,2024-04-23,Activo
SOC-2512,39,Masculino,CDMX,2024-09-18,Activo
SOC-2513,58,Masculino,Querétaro,2024-09-18,Cancelado
SOC-2514,30,Femenino,Monterrey,2025-01-07,Inactivo
SOC-2515,70,Otro,Tijuana,2024-03-16,Activo
SOC-2516,33,Masculino,Guadalajara,2024-05-11,Activo
SOC-2517,30,Masculino,Querétaro,2024-03-19,Activo
SOC-2518,66,Otro,CDMX,2024-03-31,Inactivo
SOC-2519,67,Otro,Puebla,2024-08-25,Cancelado
SOC-2520,66,Otro,Tijuana,2024-10-23,Activo
SOC-2521,46,Otro,Querétaro,2024-11-25,Activo
SOC-2522,58,Otro,Monterrey,2025-03-18,Activo
SOC-2523,58,Femenino,Guadalajara,2024-08-13,Cancelado
SOC-2524,22,Femenino,Puebla,2024-11-19,Inactivo
SOC-2525,37,Femenino,Querétaro,2024-01-29,Inactivo
SOC-2526,40,Otro,CDMX,2024-06-07,Activo
SOC-2527,47,Femenino,CDMX,2024-01-30,Activo
SOC-2528,41,Femenino,CDMX,2024-11-26,Activo
SOC-2529,23,Otro,Querétaro,2024-09-16,Activo
SOC-2530,42,Femenino,Querétaro,2024-10-10,Inactivo
SOC-2531,68,Otro,CDMX,2024-08-18,Inactivo
SOC-2532,69,Otro,Mérida,2024-04-06,Cancelado
SOC-2533,38,Otro,Puebla,2024-09-13,Cancelado
SOC-2534,27,Masculino,Puebla,2024-02-22,Activo
SOC-2535,69,Femenino,Mérida,2024-02-13,Inactivo
SOC-2536,50,Otro,Guadalajara,2024-01-21,Cancelado
SOC-2537,33,Otro,Puebla,2024-08-12,Inactivo
SOC-2538,51,Otro,Querétaro,2024-03-22,Activo
SOC-2539,41,Femenino,Monterrey,2024-07-17,Activo
SOC-2540,44,Femenino,Mérida,2024-11-02,Activo
SOC-2541,21,Otro,Mérida,2024-06-20,Cancelado
SOC-2542,22,Femenino,CDMX,2024-10-12,Activo
SOC-2543,61,Femenino,Monterrey,2024-05-09,Activo
SOC-2544,64,Otro,Querétaro,2025-03-23,Activo
SOC-2545,27,Femenino,CDMX,2024-10-25,Activo
SOC-2546,60,Masculino,Monterrey,2024-06-07,Activo
SOC-2547,59,Otro,Mérida,2024-07-19,Activo
SOC-2548,26,Otro,Mérida,2025-04-25,Activo
SOC-2549,23,Femenino,Querétaro,2024-07-11,Activo
SOC-2550,59,Femenino,Tijuana,2024-03-06,Inactivo
SOC-2551,60,Otro,Tijuana,2025-04-29,Activo
SOC-2552,65,Otro,Querétaro,2024-02-17,Inactivo
SOC-2553,59,Otro,Puebla,2024-09-17,Activo
SOC-2554,41,Masculino,Monterrey,2024-06-07,Activo
SOC-2555,29,Masculino,Monterrey,2025-04-30,Inactivo
SOC-2556,67,Femenino,Guadalajara,2024-04-25,Activo
SOC-2557,26,Masculino,CDMX,2024-05-31,Activo
SOC-2558,68,Masculino,Querétaro,2025-01-29,Activo
SOC-2559,52,Otro,Querétaro,2024-01-20,Inactivo
SOC-2560,60,Femenino,Tijuana,2024-11-12,Activo
SOC-2561,26,Otro,Puebla,2024-03-19,Activo
SOC-2562,28,Masculino,Tijuana,2024-12-20,Activo
SOC-2563,67,Otro,Tijuana,2025-04-07,Activo
SOC-2564,28,Otro,Puebla,2024-01-23,Activo
SOC-2565,44,Femenino,Mérida,2025-01-03,Activo
SOC-2566,33,Femenino,Querétaro,2024-05-25,Activo
SOC-2567,66,Otro,Tijuana,2024-08-17,Activo
SOC-2568,32,Otro,Guadalajara,2024-06-07,Activo
SOC-2569,69,Femenino,Tijuana,2024-04-09,Cancelado
SOC-2570,41,Otro,Querétaro,2024-08-13,Activo
SOC-2571,47,Femenino,Tijuana,2024-07-14,Activo
SOC-2572,50,Otro,Puebla,2025-05-09,Inactivo
SOC-2573,28,Masculino,Tijuana,2024-11-05,Activo
SOC-2574,26,Femenino,CDMX,2024-11-24,Activo
SOC-2575,48,Femenino,Querétaro,2025-04-23,Inactivo
SOC-2576,24,Otro,Tijuana,2024-09-21,Cancelado
SOC-2577,25,Femenino,CDMX,2025-01-25,Activo
SOC-2578,28,Femenino,Puebla,2025-04-08,Cancelado
SOC-2579,50,Masculino,Tijuana,2024-08-11,Activo
SOC-2580,23,Masculino,Tijuana,2024-08-18,Activo
SOC-2581,40,Masculino,Puebla,2024-01-28,Activo
SOC-2582,43,Otro,Monterrey,2024-04-30,Cancelado
SOC-2583,42,Masculino,Monterrey,2024-04-24,Activo
SOC-2584,19,Femenino,CDMX,2025-03-05,Activo
SOC-2585,63,Otro,Monterrey,2025-02-09,Activo
SOC-2586,27,Masculino,CDMX,2024-05-26,Activo
SOC-2587,48,Otro,Tijuana,2024-03-12,Activo
SOC-2588,66,Otro,Puebla,2024-08-17,Activo
SOC-2589,57,Masculino,CDMX,2024-01-10,Activo
SOC-2590,34,Masculino,Tijuana,2024-03-17,Activo
SOC-2591,53,Otro,Querétaro,2024-09-27,Activo
SOC-2592,45,Masculino,Tijuana,2024-05-27,Activo
SOC-2593,33,Femenino,CDMX,2024-01-25,Activo
SOC-2594,33,Femenino,Mérida,2025-02-10,Activo
SOC-2595,57,Femenino,CDMX,2024-02-26,Inactivo
SOC-2596,49,Otro,Querétaro,2024-01-09,Activo
SOC-2597,58,Otro,Querétaro,2024-05-03,Activo
SOC-2598,63,Masculino,Monterrey,2024-08-07,Activo
SOC-2599,18,Otro,Monterrey,2024-05-03,Activo
SOC-2600,54,Femenino,Guadalajara,2024-12-06,Activo
SOC-2601,60,Masculino,Querétaro,2025-05-14,Activo
SOC-2602,41,Masculino,Querétaro,2024-10-05,Activo
SOC-2603,50,Otro,Querétaro,2024-01-11,Activo
SOC-2604,42,Femenino,CDMX,2024-11-21,Activo
SOC-2605,42,Femenino,Monterrey,2025-01-17,Activo
SOC-2606,19,Femenino,Tijuana,2024-02-04,Activo
SOC-2607,40,Masculino,Mérida,2024-12-02,Activo
SOC-2608,58,Masculino,Tijuana,2024-10-24,Activo
SOC-2609,65,Femenino,Guadalajara,2024-01-23,Activo
SOC-2610,40,Otro,Monterrey,2025-02-20,Activo
SOC-2611,59,Masculino,Tijuana,2025-02-02,Activo
SOC-2612,61,Femenino,Mérida,2024-09-02,Inactivo
SOC-2613,58,Masculino,Tijuana,2024-03-10,Activo
SOC-2614,22,Otro,Tijuana,2025-04-28,Activo
SOC-2615,47,Masculino,Monterrey,2024-04-13,Inactivo
SOC-2616,20,Masculino,CDMX,2024-06-10,Cancelado
SOC-2617,37,Otro,Puebla,2025-02-21,Activo
SOC-2618,52,Femenino,Monterrey,2024-01-19,Activo
SOC-2619,66,Otro,Guadalajara,2024-05-26,Inactivo
SOC-2620,40,Masculino,Tijuana,2024-12-01,Activo
SOC-2621,39,Femenino,CDMX,2025-02-13,Activo
SOC-2622,41,Femenino,Puebla,2025-01-15,Activo
SOC-2623,46,Femenino,Monterrey,2025-05-13,Activo
SOC-2624,29,Femenino,Mérida,2024-09-11,Activo
SOC-2625,41,Otro,Monterrey,2025-02-14,Activo
SOC-2626,23,Otro,Puebla,2024-02-10,Activo
SOC-2627,45,Otro,Tijuana,2024-04-02,Activo
SOC-2628,52,Femenino,Monterrey,2024-02-22,Activo
SOC-2629,23,Femenino,Mérida,2024-05-31,Activo
SOC-2630,37,Femenino,Querétaro,2025-01-02,Activo
SOC-2631,45,Masculino,Mérida,2024-08-15,Activo
SOC-2632,40,Femenino,CDMX,2025-01-07,Inactivo
SOC-2633,40,Otro,Puebla,2024-05-20,Activo
SOC-2634,58,Masculino,CDMX,2024-12-09,Activo
SOC-2635,58,Femenino,Monterrey,2024-09-19,Activo
SOC-2636,69,Otro,Mérida,2024-03-22,Activo
SOC-2637,19,Masculino,Tijuana,2024-11-07,Activo
SOC-2638,61,Femenino,CDMX,2024-03-05,Activo
SOC-2639,22,Masculino,Tijuana,2024-11-26,Activo
SOC-2640,41,Femenino,Puebla,2025-05-01,Activo
SOC-2641,54,Masculino,Querétaro,2024-03-19,Activo
SOC-2642,61,Femenino,Monterrey,2024-07-09,Activo
SOC-2643,46,Masculino,Querétaro,2024-03-11,Activo
SOC-2644,51,Femenino,Puebla,2024-06-09,Activo
SOC-2645,59,Femenino,Guadalajara,2025-05-06,Activo
SOC-2646,25,Masculino,Mérida,2024-04-05,Inactivo
SOC-2647,49,Otro,Puebla,2025-04-12,Activo
SOC-2648,53,Masculino,Monterrey,2025-01-31,Activo
SOC-2649,34,Otro,Puebla,2024-04-19,Inactivo
SOC-2650,57,Femenino,Mérida,2025-04-14,Activo
SOC-2651,49,Masculino,CDMX,2024-03-10,Activo
SOC-2652,22,Femenino,Guadalajara,2025-04-05,Activo
SOC-2653,63,Femenino,CDMX,2025-02-18,Activo
SOC-2654,61,Femenino,Mérida,2024-06-26,Activo
SOC-2655,63,Masculino,Querétaro,2024-10-04,Activo
SOC-2656,36,Femenino,Tijuana,2024-03-21,Activo
SOC-2657,63,Otro,Mérida,2024-11-22,Activo
SOC-2658,29,Femenino,Querétaro,2024-04-24,Activo
SOC-2659,25,Masculino,Tijuana,2024-03-12,Activo
SOC-2660,33,Femenino,CDMX,2024-07-03,Activo
SOC-2661,53,Otro,Monterrey,2024-08-27,Activo
SOC-2662,69,Otro,Guadalajara,2024-11-09,Cancelado
SOC-2663,23,Masculino,Monterrey,2024-07-22,Activo
SOC-2664,63,Otro,Puebla,2024-09-26,Activo
SOC-2665,44,Femenino,Tijuana,2024-10-21,Activo
SOC-2666,22,Masculino,Monterrey,2024-11-24,Activo
SOC-2667,22,Femenino,Puebla,2024-12-14,Activo
SOC-2668,51,Femenino,Guadalajara,2025-03-25,Activo
SOC-2669,67,Otro,Mérida,2024-10-27,Activo
SOC-2670,29,Masculino,Puebla,2024-09-14,Activo
SOC-2671,21,Masculino,Querétaro,2024-03-19,Activo
SOC-2672,37,Masculino,Guadalajara,2024-06-14,Inactivo
SOC-2673,63,Masculino,Monterrey,2025-04-30,Activo
SOC-2674,51,Femenino,Tijuana,2024-02-10,Activo
SOC-2675,34,Masculino,Mérida,2025-05-04,Activo
SOC-2676,53,Femenino,Guadalajara,2024-11-16,Cancelado
SOC-2677,37,Otro,Querétaro,2024-02-17,Activo
SOC-2678,50,Otro,Guadalajara,2024-10-30,Activo
SOC-2679,55,Masculino,Guadalajara,2024-12-03,Cancelado
SOC-2680,57,Otro,Querétaro,2024-06-21,Inactivo
SOC-2681,54,Masculino,Tijuana,2025-03-18,Inactivo
SOC-2682,19,Masculino,CDMX,2025-04-30,Activo
SOC-2683,59,Otro,Monterrey,2024-11-29,Activo
SOC-2684,31,Otro,Puebla,2024-11-12,Activo
SOC-2685,58,Masculino,Puebla,2025-03-31,Cancelado
SOC-2686,58,Otro,Monterrey,2024-11-24,Activo
SOC-2687,37,Femenino,Guadalajara,2025-02-16,Activo
SOC-2688,69,Otro,Puebla,2024-06-01,Activo
SOC-2689,47,Masculino,Mérida,2024-01-31,Inactivo
SOC-2690,28,Femenino,Puebla,2024-09-04,Activo
SOC-2691,47,Masculino,Monterrey,2024-11-06,Activo
SOC-2692,27,Femenino,Tijuana,2025-01-02,Activo
SOC-2693,38,Otro,Tijuana,2024-06-25,Activo
SOC-2694,43,Masculino,Tijuana,2024-07-08,Activo
SOC-2695,50,Otro,CDMX,2024-06-12,Activo
SOC-2696,33,Femenino,CDMX,2024-05-16,Activo
SOC-2697,46,Masculino,Guadalajara,2024-02-19,Activo
SOC-2698,21,Femenino,Puebla,2025-03-18,Activo
SOC-2699,57,Femenino,Guadalajara,2025-05-07,Activo
SOC-2700,28,Femenino,Querétaro,2025-01-04,Activo
SOC-2701,38,Masculino,Tijuana,2024-03-22,Activo
SOC-2702,49,Otro,Puebla,2024-09-12,Activo
SOC-2703,37,Femenino,CDMX,2024-02-16,Activo
SOC-2704,43,Otro,Puebla,2025-05-09,Activo
SOC-2705,33,Masculino,Querétaro,2024-06-29,Activo
SOC-2706,21,Masculino,Monterrey,2024-09-10,Cancelado
SOC-2707,56,Otro,Mérida,2024-08-28,Activo
SOC-2708,36,Otro,CDMX,2025-03-09,Inactivo
SOC-2709,24,Femenino,Guadalajara,2025-03-27,Activo
SOC-2710,34,Otro,Monterrey,2025-01-26,Activo
SOC-2711,43,Femenino,CDMX,2024-07-24,Inactivo
SOC-2712,21,Otro,Querétaro,2024-04-09,Activo
SOC-2713,41,Otro,Monterrey,2024-02-07,Activo
SOC-2714,42,Otro,Puebla,2025-01-26,Activo
SOC-2715,53,Femenino,Tijuana,2024-11-15,Activo
SOC-2716,61,Otro,CDMX,2024-03-06,Cancelado
SOC-2717,24,Femenino,Monterrey,2025-02-10,Inactivo
SOC-2718,39,Otro,Monterrey,2025-01-21,Cancelado
SOC-2719,27,Masculino,Querétaro,2024-09-17,Activo
SOC-2720,43,Otro,CDMX,2024-01-24,Activo
SOC-2721,20,Masculino,Mérida,2024-06-19,Cancelado
SOC-2722,69,Femenino,Querétaro,2024-08-21,Activo
SOC-2723,27,Otro,Querétaro,2024-03-12,Activo
SOC-2724,38,Otro,Monterrey,2024-03-24,Activo
SOC-2725,43,Otro,Mérida,2025-03-07,Activo
SOC-2726,37,Otro,Monterrey,2024-09-16,Inactivo
SOC-2727,50,Otro,Puebla,2024-12-28,Activo
SOC-2728,54,Femenino,Puebla,2025-02-21,Inactivo
SOC-2729,19,Femenino,Monterrey,2024-12-10,Activo
SOC-2730,25,Femenino,Querétaro,2024-06-06,Activo
SOC-2731,68,Otro,Tijuana,2024-12-18,Activo
SOC-2732,58,Masculino,Querétaro,2024-08-30,Inactivo
SOC-2733,34,Otro,Tijuana,2025-05-12,Activo
SOC-2734,67,Otro,Querétaro,2024-04-26,Activo
SOC-2735,64,Masculino,Querétaro,2024-09-02,Activo
SOC-2736,28,Otro,Mérida,2025-01-04,Inactivo
SOC-2737,57,Femenino,Guadalajara,2025-02-24,Activo
SOC-2738,61,Masculino,CDMX,2024-10-20,Inactivo
SOC-2739,62,Masculino,Guadalajara,2024-01-10,Activo
SOC-2740,46,Femenino,Puebla,2024-03-18,Activo
SOC-2741,44,Otro,Guadalajara,2024-07-29,Activo
SOC-2742,50,Otro,Puebla,2025-03-22,Activo
SOC-2743,65,Otro,CDMX,2024-12-27,Activo
SOC-2744,26,Otro,Guadalajara,2024-10-14,Activo
SOC-2745,38,Otro,Puebla,2024-09-26,Activo
SOC-2746,42,Femenino,Guadalajara,2024-08-23,Inactivo
SOC-2747,52,Femenino,Querétaro,2024-06-30,Activo
SOC-2748,61,Otro,Mérida,2024-11-25,Activo
SOC-2749,69,Otro,Monterrey,2024-11-08,Cancelado
SOC-2750,48,Masculino,Guadalajara,2024-05-22,Activo
SOC-2751,53,Femenino,Guadalajara,2025-04-27,Activo
SOC-2752,37,Femenino,Mérida,2024-04-16,Cancelado
SOC-2753,62,Otro,Puebla,2024-06-11,Activo
SOC-2754,48,Femenino,Querétaro,2025-04-23,Activo
SOC-2755,68,Otro,Monterrey,2024-05-27,Activo
SOC-2756,25,Otro,Mérida,2024-10-05,Inactivo
SOC-2757,42,Femenino,Tijuana,2024-06-25,Activo
SOC-2758,67,Masculino,Monterrey,2024-01-22,Activo
SOC-2759,36,Otro,CDMX,2024-06-26,Inactivo
SOC-2760,46,Otro,Monterrey,2025-01-17,Inactivo
SOC-2761,48,Masculino,Guadalajara,2025-02-27,Activo
SOC-2762,52,Femenino,Querétaro,2024-12-22,Activo
SOC-2763,35,Masculino,CDMX,2024-11-11,Activo
SOC-2764,65,Otro,Guadalajara,2024-05-04,Activo
SOC-2765,21,Otro,Querétaro,2024-04-25,Activo
SOC-2766,58,Masculino,CDMX,2024-02-21,Activo
SOC-2767,44,Femenino,Mérida,2024-08-29,Inactivo
SOC-2768,24,Otro,Tijuana,2024-03-11,Inactivo
SOC-2769,18,Otro,Guadalajara,2024-07-27,Activo
SOC-2770,59,Femenino,Puebla,2024-11-29,Inactivo
SOC-2771,30,Femenino,Monterrey,2024-05-26,Activo
SOC-2772,59,Masculino,Tijuana,2024-02-15,Inactivo
SOC-2773,59,Otro,Guadalajara,2024-09-30,Activo
SOC-2774,65,Otro,Tijuana,2025-04-24,Activo
SOC-2775,20,Masculino,Puebla,2025-03-27,Inactivo
SOC-2776,29,Masculino,Tijuana,2024-07-22,Activo
SOC-2777,68,Femenino,Guadalajara,2025-04-24,Activo
SOC-2778,65,Femenino,CDMX,2024-01-05,Activo
SOC-2779,37,Otro,Querétaro,2024-02-24,Activo
SOC-2780,39,Femenino,Puebla,2024-11-24,Activo
SOC-2781,52,Otro,Puebla,2025-03-31,Activo
SOC-2782,26,Otro,Puebla,2024-05-19,Activo
SOC-2783,30,Masculino,Monterrey,2024-03-24,Activo
SOC-2784,64,Femenino,Mérida,2024-05-11,Activo
SOC-2785,63,Masculino,CDMX,2025-01-12,Activo
SOC-2786,39,Femenino,Querétaro,2024-12-11,Cancelado
SOC-2787,66,Masculino,Guadalajara,2024-11-08,Activo
SOC-2788,58,Femenino,Tijuana,2024-08-06,Activo
SOC-2789,50,Femenino,CDMX,2024-07-24,Activo
SOC-2790,60,Masculino,Guadalajara,2024-03-12,Cancelado
SOC-2791,48,Femenino,Guadalajara,2024-01-04,Activo
SOC-2792,34,Femenino,Guadalajara,2024-08-16,Activo
SOC-2793,66,Femenino,Monterrey,2024-06-03,Activo
SOC-2794,55,Otro,Querétaro,2024-01-06,Activo
SOC-2795,34,Otro,Monterrey,2024-12-20,Activo
SOC-2796,33,Masculino,Mérida,2024-03-01,Inactivo
SOC-2797,47,Femenino,Guadalajara,2024-07-26,Cancelado
SOC-2798,61,Otro,Mérida,2025-01-29,Activo
SOC-2799,37,Otro,CDMX,2024-11-23,Activo
SOC-2800,36,Femenino,Querétaro,2024-04-23,Cancelado
SOC-2801,32,Masculino,Puebla,2024-03-19,Activo
SOC-2802,47,Otro,Querétaro,2024-07-10,Activo
SOC-2803,44,Otro,Querétaro,2025-04-12,Activo
SOC-2804,48,Otro,Tijuana,2024-12-06,Activo
SOC-2805,70,Masculino,Tijuana,2024-05-06,Activo
SOC-2806,61,Otro,Tijuana,2025-02-07,Activo
SOC-2807,23,Otro,Puebla,2024-09-27,Cancelado
SOC-2808,63,Femenino,CDMX,2025-04-14,Cancelado
SOC-2809,54,Masculino,CDMX,2025-02-28,Activo
SOC-2810,53,Otro,Guadalajara,2024-10-20,Activo
SOC-2811,52,Masculino,Guadalajara,2024-06-16,Cancelado
SOC-2812,51,Femenino,CDMX,2024-12-14,Inactivo
SOC-2813,31,Otro,Querétaro,2024-09-07,Activo
SOC-2814,23,Otro,Puebla,2025-02-18,Cancelado
SOC-2815,21,Femenino,Guadalajara,2024-09-19,Inactivo
SOC-2816,44,Femenino,Querétaro,2024-01-30,Activo
SOC-2817,53,Femenino,Mérida,2025-02-17,Activo
SOC-2818,37,Otro,CDMX,2024-07-21,Activo
SOC-2819,34,Masculino,Mérida,2024-04-21,Activo
SOC-2820,55,Masculino,CDMX,2024-08-04,Activo
SOC-2821,40,Otro,CDMX,2024-10-04,Inactivo
SOC-2822,21,Masculino,Puebla,2024-01-17,Activo
SOC-2823,36,Femenino,Guadalajara,2025-01-28,Activo
SOC-2824,26,Otro,Mérida,2024-11-26,Activo
SOC-2825,44,Femenino,Puebla,2024-08-17,Activo
SOC-2826,42,Femenino,CDMX,2024-12-15,Cancelado
SOC-2827,60,Otro,Guadalajara,2024-11-30,Activo
SOC-2828,40,Masculino,Guadalajara,2024-10-02,Activo
SOC-2829,43,Otro,Guadalajara,2025-01-07,Activo
SOC-2830,32,Masculino,Tijuana,2024-01-12,Activo
SOC-2831,37,Femenino,Mérida,2025-01-03,Activo
SOC-2832,52,Femenino,Querétaro,2024-07-13,Activo
SOC-2833,70,Masculino,Guadalajara,2024-08-23,Activo
SOC-2834,40,Masculino,Monterrey,2024-04-06,Activo
SOC-2835,64,Masculino,CDMX,2025-02-18,Activo
SOC-2836,60,Femenino,Querétaro,2025-01-27,Activo
SOC-2837,19,Masculino,Guadalajara,2024-02-04,Cancelado
SOC-2838,24,Otro,CDMX,2024-08-16,Activo
SOC-2839,56,Otro,Mérida,2025-03-22,Activo
SOC-2840,21,Masculino,Mérida,2024-01-23,Activo
SOC-2841,43,Femenino,Guadalajara,2024-10-03,Activo
SOC-2842,31,Masculino,Guadalajara,2024-09-14,Activo
SOC-2843,36,Masculino,Tijuana,2025-04-14,Activo
SOC-2844,64,Otro,Monterrey,2024-10-22,Cancelado
SOC-2845,56,Otro,Tijuana,2024-06-13,Activo
SOC-2846,33,Femenino,Guadalajara,2024-12-04,Activo
SOC-2847,51,Masculino,Puebla,2024-06-02,Activo
SOC-2848,35,Masculino,Querétaro,2025-04-30,Cancelado
SOC-2849,55,Otro,Guadalajara,2024-11-16,Activo
SOC-2850,61,Femenino,Querétaro,2024-09-10,Activo
SOC-2851,21,Femenino,Mérida,2024-12-09,Activo
SOC-2852,42,Otro,Monterrey,2024-12-22,Activo
SOC-2853,44,Femenino,Guadalajara,2024-06-02,Activo
SOC-2854,42,Masculino,Tijuana,2024-10-02,Inactivo
SOC-2855,48,Masculino,Tijuana,2024-04-25,Activo
SOC-2856,37,Otro,Guadalajara,2025-02-16,Activo
SOC-2857,47,Masculino,Querétaro,2024-07-30,Activo
SOC-2858,44,Otro,Querétaro,2024-03-09,Activo
SOC-2859,42,Masculino,Monterrey,2024-04-14,Activo
SOC-2860,39,Otro,CDMX,2025-04-17,Activo
SOC-2861,46,Femenino,CDMX,2024-10-01,Inactivo
SOC-2862,64,Masculino,CDMX,2024-05-17,Activo
SOC-2863,42,Otro,Querétaro,2024-11-04,Activo
SOC-2864,20,Masculino,Guadalajara,2025-02-15,Activo
SOC-2865,66,Otro,Mérida,2024-12-09,Activo
SOC-2866,53,Masculino,Puebla,2024-04-16,Activo
SOC-2867,39,Femenino,CDMX,2024-04-18,Activo
SOC-2868,30,Otro,CDMX,2025-01-17,Activo
SOC-2869,66,Femenino,Guadalajara,2024-12-22,Inactivo
SOC-2870,56,Otro,Guadalajara,2024-07-22,Cancelado
SOC-2871,33,Otro,Monterrey,2025-02-01,Activo
SOC-2872,36,Femenino,Puebla,2024-09-30,Activo
SOC-2873,59,Femenino,Monterrey,2024-05-13,Activo
SOC-2874,41,Otro,Puebla,2024-08-26,Activo
SOC-2875,24,Otro,Puebla,2025-01-24,Activo
SOC-2876,38,Masculino,Monterrey,2024-06-09,Activo
SOC-2877,44,Masculino,Querétaro,2025-03-18,Activo
SOC-2878,32,Otro,Guadalajara,2024-01-09,Activo
SOC-2879,34,Otro,Querétaro,2024-10-23,Activo
SOC-2880,64,Femenino,Monterrey,2024-03-19,Activo
SOC-2881,30,Femenino,Guadalajara,2024-07-13,Activo
SOC-2882,54,Masculino,Puebla,2024-10-08,Activo
SOC-2883,59,Otro,Monterrey,2024-05-11,Activo
SOC-2884,66,Femenino,Mérida,2024-11-24,Activo
SOC-2885,65,Femenino,Puebla,2024-03-27,Inactivo
SOC-2886,64,Femenino,Guadalajara,2024-03-12,Activo
SOC-2887,64,Otro,Puebla,2024-04-04,Activo
SOC-2888,52,Otro,CDMX,2024-09-25,Activo
SOC-2889,20,Masculino,Tijuana,2024-12-08,Activo
SOC-2890,21,Masculino,Puebla,2024-03-11,Activo
SOC-2891,58,Masculino,CDMX,2024-12-28,Activo
SOC-2892,27,Masculino,Guadalajara,2024-09-15,Inactivo
SOC-2893,47,Femenino,CDMX,2024-11-12,Inactivo
SOC-2894,58,Otro,Querétaro,2025-04-12,Activo
SOC-2895,48,Otro,Puebla,2024-01-09,Activo
SOC-2896,18,Otro,Querétaro,2024-07-29,Activo
SOC-2897,18,Masculino,Querétaro,2025-01-04,Activo
SOC-2898,35,Otro,Monterrey,2024-01-09,Inactivo
SOC-2899,50,Otro,Mérida,2024-08-08,Activo
SOC-2900,69,Masculino,CDMX,2025-04-15,Activo
SOC-2901,24,Otro,Guadalajara,2024-05-03,Activo
SOC-2902,30,Otro,Querétaro,2024-05-09,Activo
SOC-2903,70,Femenino,Monterrey,2025-02-11,Activo
SOC-2904,43,Masculino,Monterrey,2025-05-06,Activo
SOC-2905,43,Femenino,Querétaro,2024-05-04,Activo
SOC-2906,62,Masculino,Monterrey,2024-12-16,Inactivo
SOC-2907,70,Masculino,Mérida,2025-03-15,Inactivo
SOC-2908,59,Masculino,CDMX,2024-07-26,Activo
SOC-2909,42,Femenino,Querétaro,2024-08-31,Activo
SOC-2910,21,Otro,CDMX,2024-12-25,Activo
SOC-2911,28,Masculino,Puebla,2025-03-08,Activo
SOC-2912,45,Otro,Tijuana,2024-06-18,Activo
SOC-2913,54,Masculino,Querétaro,2025-04-15,Activo
SOC-2914,20,Masculino,Guadalajara,2025-04-06,Activo
SOC-2915,62,Otro,Puebla,2024-05-18,Activo
SOC-2916,20,Masculino,Mérida,2025-04-18,Activo
SOC-2917,35,Otro,Querétaro,2024-12-02,Activo
SOC-2918,20,Masculino,Tijuana,2024-06-10,Cancelado
SOC-2919,19,Masculino,Querétaro,2024-03-14,Inactivo
SOC-2920,66,Otro,Tijuana,2024-07-22,Activo
SOC-2921,22,Femenino,Guadalajara,2024-10-15,Inactivo
SOC-2922,33,Otro,Tijuana,2025-03-10,Activo
SOC-2923,42,Otro,Querétaro,2024-06-18,Inactivo
SOC-2924,42,Otro,Guadalajara,2025-02-08,Inactivo
SOC-2925,62,Otro,CDMX,2024-09-13,Activo
SOC-2926,65,Femenino,CDMX,2024-02-20,Activo
SOC-2927,45,Masculino,Tijuana,2024-02-08,Activo
SOC-2928,39,Otro,Tijuana,2024-11-10,Activo
SOC-2929,56,Femenino,Tijuana,2024-06-16,Activo
SOC-2930,19,Otro,Monterrey,2025-02-05,Activo
SOC-2931,46,Femenino,Guadalajara,2024-07-01,Activo
SOC-2932,53,Femenino,Puebla,2024-04-05,Inactivo
SOC-2933,61,Otro,Mérida,2024-07-13,Cancelado
SOC-2934,23,Otro,Monterrey,2025-02-12,Activo
SOC-2935,33,Otro,CDMX,2024-02-12,Activo
SOC-2936,35,Masculino,Puebla,2024-12-30,Activo
SOC-2937,68,Otro,Guadalajara,2025-01-13,Activo
SOC-2938,42,Femenino,Monterrey,2024-02-24,Cancelado
SOC-2939,23,Masculino,Monterrey,2024-08-15,Activo
SOC-2940,41,Femenino,CDMX,2024-03-08,Activo
SOC-2941,23,Masculino,Puebla,2024-08-17,Activo
SOC-2942,53,Otro,Querétaro,2024-07-27,Activo
SOC-2943,24,Masculino,CDMX,2024-06-30,Activo
SOC-2944,53,Masculino,Querétaro,2024-11-02,Inactivo
SOC-2945,68,Femenino,Tijuana,2024-07-16,Activo
SOC-2946,18,Femenino,Puebla,2024-07-17,Activo
SOC-2947,67,Masculino,Mérida,2025-04-06,Activo
SOC-2948,53,Masculino,Querétaro,2024-09-23,Cancelado
SOC-2949,28,Otro,Puebla,2024-03-27,Inactivo
SOC-2950,26,Femenino,Monterrey,2024-05-17,Activo
SOC-2951,49,Masculino,CDMX,2024-03-26,Activo
SOC-2952,45,Femenino,Puebla,2024-06-02,Activo
SOC-2953,48,Masculino,Monterrey,2024-05-08,Activo
SOC-2954,33,Otro,Mérida,2024-09-10,Cancelado
SOC-2955,56,Otro,Guadalajara,2024-08-22,Activo
SOC-2956,24,Masculino,Monterrey,2024-01-04,Activo
SOC-2957,43,Femenino,Tijuana,2024-11-13,Activo
SOC-2958,42,Femenino,Puebla,2024-06-20,Activo
SOC-2959,45,Otro,Querétaro,2024-03-10,Activo
SOC-2960,37,Femenino,Querétaro,2025-04-30,Activo
SOC-2961,62,Masculino,Puebla,2024-06-09,Activo
SOC-2962,29,Femenino,Monterrey,2024-05-29,Activo
SOC-2963,65,Otro,Mérida,2024-09-08,Activo
SOC-2964,54,Masculino,Monterrey,2024-07-11,Activo
SOC-2965,35,Femenino,Monterrey,2024-02-28,Activo
SOC-2966,54,Masculino,Querétaro,2024-10-06,Activo
SOC-2967,29,Otro,Tijuana,2024-10-08,Activo
SOC-2968,19,Otro,Puebla,2025-04-27,Activo
SOC-2969,63,Masculino,Puebla,2025-02-12,Activo
SOC-2970,36,Otro,CDMX,2025-02-23,Activo
SOC-2971,68,Femenino,Mérida,2024-09-12,Activo
SOC-2972,26,Otro,Monterrey,2024-05-03,Cancelado
SOC-2973,34,Otro,Guadalajara,2025-01-01,Activo
SOC-2974,45,Femenino,CDMX,2024-08-17,Activo
SOC-2975,56,Femenino,Querétaro,2024-07-24,Activo
SOC-2976,52,Otro,Tijuana,2024-12-20,Activo
SOC-2977,44,Otro,CDMX,2025-02-08,Activo
SOC-2978,41,Otro,Tijuana,2024-10-01,Activo
SOC-2979,56,Otro,CDMX,2024-02-25,Activo
SOC-2980,67,Masculino,Mérida,2024-12-06,Activo
SOC-2981,40,Masculino,Mérida,2024-11-09,Activo
SOC-2982,20,Otro,Mérida,2024-12-12,Inactivo
SOC-2983,59,Femenino,Tijuana,2024-06-18,Activo
SOC-2984,68,Femenino,CDMX,2024-01-06,Activo
SOC-2985,24,Femenino,Guadalajara,2024-09-18,Activo
SOC-2986,65,Otro,Querétaro,2024-10-24,Activo
SOC-2987,62,Otro,Guadalajara,2024-08-16,Activo
SOC-2988,41,Femenino,Puebla,2025-01-30,Activo
SOC-2989,61,Otro,Mérida,2024-09-13,Activo
SOC-2990,27,Femenino,CDMX,2024-09-04,Inactivo
SOC-2991,24,Femenino,Puebla,2025-04-16,Inactivo
SOC-2992,23,Masculino,Tijuana,2025-04-26,Activo
SOC-2993,64,Masculino,Monterrey,2024-06-08,Activo
SOC-2994,39,Femenino,Tijuana,2024-04-15,Activo
SOC-2995,51,Femenino,Monterrey,2024-08-31,Activo
SOC-2996,24,Femenino,Mérida,2024-12-22,Activo
SOC-2997,46,Femenino,CDMX,2024-06-02,Cancelado
SOC-2998,20,Otro,CDMX,2024-01-12,Activo
SOC-2999,39,Otro,CDMX,2024-12-12,Cancelado
SOC-3000,69,Masculino,Mérida,2024-05-04,Activo
SOC-3001,51,Masculino,Querétaro,2024-03-22,Activo
SOC-3002,39,Otro,Puebla,2025-05-05,Activo
SOC-3003,47,Masculino,Tijuana,2024-07-26,Inactivo
SOC-3004,58,Masculino,Guadalajara,2024-11-23,Activo
SOC-3005,60,Femenino,Puebla,2024-01-15,Inactivo
SOC-3006,65,Otro,Guadalajara,2024-08-18,Activo
SOC-3007,55,Femenino,Puebla,2024-01-03,Activo
SOC-3008,63,Masculino,Guadalajara,2024-05-22,Inactivo
SOC-3009,66,Otro,Tijuana,2025-02-11,Activo
SOC-3010,22,Otro,CDMX,2025-02-13,Activo
SOC-3011,52,Masculino,Monterrey,2024-06-15,Activo
SOC-3012,30,Femenino,CDMX,2024-05-14,Cancelado
SOC-3013,60,Femenino,Querétaro,2025-05-09,Cancelado
SOC-3014,58,Femenino,Querétaro,2024-07-17,Activo
SOC-3015,57,Femenino,Querétaro,2024-02-28,Activo
SOC-3016,40,Femenino,Tijuana,2024-08-22,Cancelado
SOC-3017,57,Masculino,Tijuana,2024-12-10,Activo
SOC-3018,63,Femenino,Querétaro,2024-10-29,Activo
SOC-3019,23,Otro,Guadalajara,2024-06-09,Cancelado
SOC-3020,25,Masculino,Monterrey,2024-02-29,Activo
SOC-3021,29,Femenino,Mérida,2024-03-13,Activo
SOC-3022,50,Femenino,Puebla,2024-11-01,Activo
SOC-3023,26,Otro,Puebla,2024-08-04,Cancelado
SOC-3024,29,Femenino,Mérida,2024-10-02,Cancelado
SOC-3025,62,Otro,Guadalajara,2024-10-11,Cancelado
SOC-3026,28,Femenino,Monterrey,2024-03-12,Activo
SOC-3027,29,Femenino,Tijuana,2024-08-18,Inactivo
SOC-3028,57,Masculino,Tijuana,2024-07-02,Inactivo
SOC-3029,18,Femenino,Guadalajara,2024-04-09,Activo
SOC-3030,70,Femenino,Querétaro,2024-09-15,Inactivo
SOC-3031,59,Femenino,Puebla,2024-12-16,Activo
SOC-3032,49,Femenino,Mérida,2025-03-06,Activo
SOC-3033,46,Femenino,Guadalajara,2024-02-12,Activo
SOC-3034,54,Masculino,Tijuana,2025-01-24,Activo
SOC-3035,32,Femenino,CDMX,2024-05-20,Activo
SOC-3036,32,Otro,Monterrey,2024-03-27,Activo
SOC-3037,67,Femenino,Querétaro,2025-01-15,Activo
SOC-3038,67,Femenino,Querétaro,2024-09-18,Activo
SOC-3039,25,Otro,CDMX,2024-05-17,Activo
SOC-3040,67,Otro,Tijuana,2024-07-06,Activo
SOC-3041,52,Masculino,Tijuana,2025-01-03,Activo
SOC-3042,46,Otro,Guadalajara,2024-08-05,Inactivo
SOC-3043,24,Otro,Tijuana,2024-11-30,Activo
SOC-3044,66,Masculino,Monterrey,2025-03-23,Activo
SOC-3045,20,Femenino,Monterrey,2024-06-27,Inactivo
SOC-3046,70,Masculino,Puebla,2025-03-19,Activo
SOC-3047,25,Masculino,Guadalajara,2025-02-19,Activo
SOC-3048,65,Otro,Mérida,2024-06-28,Activo
SOC-3049,63,Otro,Mérida,2024-08-07,Inactivo
SOC-3050,28,Otro,Guadalajara,2025-02-05,Activo
SOC-3051,31,Masculino,Tijuana,2024-01-31,Inactivo
SOC-3052,54,Femenino,Querétaro,2024-05-23,Activo
SOC-3053,56,Otro,Guadalajara,2024-06-14,Cancelado
SOC-3054,63,Femenino,Monterrey,2024-10-20,Inactivo
SOC-3055,35,Otro,Mérida,2025-02-21,Cancelado
SOC-3056,24,Masculino,Tijuana,2025-02-06,Activo
SOC-3057,44,Masculino,Monterrey,2025-03-19,Inactivo
SOC-3058,59,Masculino,Mérida,2025-03-19,Activo
SOC-3059,26,Masculino,Guadalajara,2024-12-30,Activo
SOC-3060,38,Masculino,Tijuana,2025-03-07,Activo
SOC-3061,61,Femenino,Puebla,2024-03-13,Inactivo
SOC-3062,54,Otro,Monterrey,2024-11-17,Cancelado
SOC-3063,44,Femenino,Puebla,2024-02-08,Inactivo
SOC-3064,58,Masculino,Puebla,2024-09-20,Activo
SOC-3065,65,Femenino,Mérida,2025-04-24,Activo
SOC-3066,41,Femenino,Puebla,2024-06-16,Activo
SOC-3067,55,Masculino,Tijuana,2025-01-31,Activo
SOC-3068,64,Masculino,Mérida,2025-05-12,Activo
SOC-3069,47,Otro,Mérida,2024-12-23,Activo
SOC-3070,40,Masculino,Tijuana,2024-09-30,Activo
SOC-3071,43,Masculino,Puebla,2025-02-26,Activo
SOC-3072,31,Femenino,Monterrey,2024-06-14,Activo
SOC-3073,36,Femenino,Querétaro,2024-10-22,Activo
SOC-3074,26,Otro,Tijuana,2024-09-05,Activo
SOC-3075,68,Femenino,Mérida,2025-01-25,Cancelado
SOC-3076,21,Masculino,CDMX,2024-11-16,Activo
SOC-3077,68,Femenino,CDMX,2024-03-04,Activo
SOC-3078,28,Femenino,Puebla,2024-01-01,Activo
SOC-3079,45,Masculino,Mérida,2025-04-10,Activo
SOC-3080,26,Otro,Monterrey,2024-03-22,Cancelado
SOC-3081,35,Masculino,Mérida,2024-07-03,Inactivo
SOC-3082,34,Masculino,Monterrey,2024-12-06,Activo
SOC-3083,59,Masculino,CDMX,2024-07-21,Activo
SOC-3084,58,Femenino,Mérida,2024-12-24,Inactivo
SOC-3085,66,Masculino,Puebla,2024-12-01,Cancelado
SOC-3086,23,Otro,CDMX,2024-01-01,Activo
SOC-3087,31,Femenino,CDMX,2024-03-08,Activo
SOC-3088,55,Masculino,Querétaro,2024-12-14,Activo
SOC-3089,46,Masculino,CDMX,2024-12-22,Cancelado
SOC-3090,39,Masculino,Tijuana,2024-08-04,Activo
SOC-3091,62,Masculino,Puebla,2024-02-06,Cancelado
SOC-3092,32,Femenino,CDMX,2025-01-09,Activo
SOC-3093,69,Masculino,CDMX,2024-06-09,Activo
SOC-3094,41,Femenino,Guadalajara,2024-07-14,Activo
SOC-3095,67,Masculino,Mérida,2024-12-12,Activo
SOC-3096,27,Masculino,Querétaro,2024-10-15,Activo
SOC-3097,18,Otro,Mérida,2024-03-25,Activo
SOC-3098,46,Femenino,Mérida,2024-04-19,Activo
SOC-3099,58,Otro,Guadalajara,2025-04-15,Inactivo
SOC-3100,44,Otro,Mérida,2024-08-14,Activo
SOC-3101,31,Masculino,CDMX,2024-03-12,Activo
SOC-3102,66,Masculino,Querétaro,2025-01-08,Cancelado
SOC-3103,42,Femenino,Puebla,2024-06-10,Inactivo
SOC-3104,68,Masculino,Guadalajara,2024-05-21,Cancelado
SOC-3105,59,Masculino,Guadalajara,2024-10-10,Cancelado
SOC-3106,56,Otro,Mérida,2024-11-07,Activo
SOC-3107,36,Otro,CDMX,2025-03-10,Activo
SOC-3108,60,Femenino,Guadalajara,2024-09-22,Inactivo
SOC-3109,56,Otro,Guadalajara,2025-01-17,Activo
SOC-3110,43,Femenino,Mérida,2024-01-28,Activo
SOC-3111,68,Masculino,Puebla,2024-07-16,Inactivo
SOC-3112,25,Masculino,Puebla,2024-11-22,Activo
SOC-3113,56,Masculino,Querétaro,2025-03-31,Activo
SOC-3114,18,Femenino,Monterrey,2024-03-08,Activo
SOC-3115,42,Otro,Puebla,2024-07-06,Activo
SOC-3116,52,Otro,Guadalajara,2025-01-25,Activo
SOC-3117,48,Masculino,CDMX,2024-10-27,Activo
SOC-3118,22,Masculino,Monterrey,2024-04-20,Inactivo
SOC-3119,20,Masculino,Tijuana,2024-07-22,Activo
SOC-3120,50,Femenino,Mérida,2024-12-30,Activo
SOC-3121,50,Femenino,Puebla,2024-12-25,Inactivo
SOC-3122,43,Masculino,Mérida,2024-10-01,Cancelado
SOC-3123,52,Otro,Guadalajara,2024-05-22,Inactivo
SOC-3124,23,Femenino,CDMX,2024-09-18,Inactivo
SOC-3125,31,Masculino,Querétaro,2024-06-16,Activo
SOC-3126,43,Otro,Mérida,2025-01-25,Activo
SOC-3127,59,Otro,Mérida,2024-02-03,Activo
SOC-3128,37,Otro,Puebla,2025-01-08,Activo
SOC-3129,33,Masculino,Guadalajara,2024-02-14,Activo
SOC-3130,45,Masculino,Puebla,2024-11-09,Activo
SOC-3131,56,Masculino,Monterrey,2024-12-07,Activo
SOC-3132,65,Otro,Mérida,2024-03-30,Activo
SOC-3133,25,Masculino,Mérida,2024-03-11,Activo
SOC-3134,62,Masculino,Guadalajara,2024-09-11,Activo
SOC-3135,40,Otro,Querétaro,2025-02-04,Activo
SOC-3136,70,Otro,Monterrey,2024-03-26,Activo
SOC-3137,41,Masculino,Mérida,2025-02-03,Inactivo
SOC-3138,35,Otro,CDMX,2025-01-29,Activo
SOC-3139,19,Femenino,Tijuana,2024-08-07,Activo
SOC-3140,35,Otro,CDMX,2024-05-14,Activo
SOC-3141,63,Otro,Mérida,2024-02-09,Inactivo
SOC-3142,49,Femenino,Querétaro,2024-07-03,Activo
SOC-3143,21,Femenino,Tijuana,2024-10-17,Activo
SOC-3144,28,Femenino,Guadalajara,2024-05-10,Activo
SOC-3145,67,Masculino,Querétaro,2024-12-11,Activo
SOC-3146,64,Masculino,Guadalajara,2025-01-14,Inactivo
SOC-3147,50,Masculino,CDMX,2025-03-15,Inactivo
SOC-3148,18,Masculino,CDMX,2024-08-29,Activo
SOC-3149,41,Femenino,Guadalajara,2024-04-01,Inactivo
SOC-3150,20,Otro,Tijuana,2025-04-12,Inactivo
SOC-3151,63,Otro,Mérida,2024-08-02,Activo
SOC-3152,32,Femenino,Guadalajara,2024-08-01,Inactivo
SOC-3153,64,Femenino,Monterrey,2025-02-26,Activo
SOC-3154,22,Otro,Monterrey,2024-03-02,Activo
SOC-3155,50,Otro,CDMX,2024-04-01,Activo
SOC-3156,32,Otro,CDMX,2025-05-03,Inactivo
SOC-3157,43,Masculino,Puebla,2025-03-19,Activo
SOC-3158,36,Femenino,Monterrey,2024-02-14,Inactivo
SOC-3159,53,Femenino,CDMX,2024-07-07,Inactivo
SOC-3160,30,Femenino,Querétaro,2025-02-05,Activo
SOC-3161,37,Otro,Querétaro,2024-05-04,Inactivo
SOC-3162,47,Femenino,Querétaro,2025-05-12,Activo
SOC-3163,49,Masculino,Mérida,2025-04-06,Activo
SOC-3164,52,Masculino,Guadalajara,2024-01-04,Activo
SOC-3165,44,Masculino,Guadalajara,2024-10-04,Activo
SOC-3166,40,Otro,Tijuana,2024-12-21,Inactivo
SOC-3167,18,Femenino,CDMX,2025-01-23,Inactivo
SOC-3168,60,Femenino,Tijuana,2025-01-12,Activo
SOC-3169,64,Femenino,CDMX,2024-04-15,Activo
SOC-3170,51,Masculino,Puebla,2024-09-08,Activo
SOC-3171,21,Masculino,Mérida,2024-05-23,Activo
SOC-3172,23,Masculino,Guadalajara,2025-04-04,Cancelado
SOC-3173,51,Femenino,Mérida,2025-04-03,Activo
SOC-3174,41,Femenino,Mérida,2024-02-13,Activo
SOC-3175,55,Masculino,Querétaro,2024-03-09,Activo
SOC-3176,58,Femenino,CDMX,2024-10-30,Activo
SOC-3177,54,Masculino,Puebla,2024-12-05,Inactivo
SOC-3178,26,Masculino,Monterrey,2024-05-13,Activo
SOC-3179,38,Femenino,Mérida,2025-03-01,Inactivo
SOC-3180,65,Femenino,Monterrey,2024-08-19,Activo
SOC-3181,35,Masculino,CDMX,2025-04-28,Cancelado
SOC-3182,30,Masculino,Tijuana,2025-01-29,Activo
SOC-3183,55,Masculino,Guadalajara,2024-02-24,Activo
SOC-3184,28,Femenino,Puebla,2024-06-09,Cancelado
SOC-3185,44,Masculino,Querétaro,2024-07-02,Activo
SOC-3186,67,Masculino,Puebla,2024-06-06,Cancelado
SOC-3187,47,Femenino,Tijuana,2024-03-02,Activo
SOC-3188,23,Masculino,Tijuana,2024-12-17,Activo
SOC-3189,37,Otro,Mérida,2024-11-04,Activo
SOC-3190,20,Masculino,Tijuana,2025-03-14,Activo
SOC-3191,38,Masculino,CDMX,2024-12-30,Activo
SOC-3192,33,Femenino,Puebla,2024-09-19,Activo
SOC-3193,21,Otro,Monterrey,2024-05-13,Activo
SOC-3194,70,Masculino,CDMX,2025-05-02,Activo
SOC-3195,43,Femenino,Querétaro,2025-01-18,Activo
SOC-3196,53,Masculino,CDMX,2024-08-24,Inactivo
SOC-3197,24,Masculino,CDMX,2024-01-07,Cancelado
SOC-3198,21,Masculino,Guadalajara,2024-04-11,Cancelado
SOC-3199,70,Femenino,Monterrey,2024-12-17,Activo
SOC-3200,58,Otro,CDMX,2024-10-25,Activo
SOC-3201,55,Femenino,Tijuana,2024-02-08,Inactivo
SOC-3202,19,Masculino,Guadalajara,2025-04-07,Activo
SOC-3203,59,Femenino,Tijuana,2024-03-06,Activo
SOC-3204,23,Femenino,CDMX,2024-01-22,Activo
SOC-3205,47,Masculino,Guadalajara,2025-04-18,Activo
SOC-3206,54,Femenino,Tijuana,2025-01-05,Inactivo
SOC-3207,43,Femenino,CDMX,2024-07-14,Activo
SOC-3208,61,Femenino,Guadalajara,2024-06-30,Activo
SOC-3209,31,Masculino,Monterrey,2024-05-23,Activo
SOC-3210,46,Masculino,CDMX,2024-11-10,Cancelado
SOC-3211,57,Otro,Guadalajara,2024-11-27,Activo
SOC-3212,36,Femenino,Puebla,2025-03-27,Activo
SOC-3213,53,Femenino,CDMX,2024-02-14,Activo
SOC-3214,35,Femenino,Guadalajara,2024-08-02,Inactivo
SOC-3215,30,Otro,Tijuana,2024-09-26,Activo
SOC-3216,33,Otro,Tijuana,2024-10-05,Activo
SOC-3217,68,Masculino,Puebla,2025-02-04,Activo
SOC-3218,63,Femenino,Puebla,2024-10-05,Activo
SOC-3219,68,Femenino,Monterrey,2025-04-12,Activo
SOC-3220,54,Otro,Monterrey,2024-07-17,Activo
SOC-3221,35,Masculino,CDMX,2024-06-12,Cancelado
SOC-3222,56,Masculino,CDMX,2025-04-03,Activo
SOC-3223,69,Femenino,CDMX,2025-02-18,Activo
SOC-3224,48,Otro,Monterrey,2025-01-27,Cancelado
SOC-3225,55,Masculino,Guadalajara,2024-02-21,Activo
SOC-3226,33,Otro,Guadalajara,2024-05-16,Activo
SOC-3227,52,Otro,CDMX,2025-01-26,Activo
SOC-3228,32,Otro,Tijuana,2025-02-12,Activo
SOC-3229,42,Femenino,Tijuana,2025-03-08,Cancelado
SOC-3230,29,Masculino,Guadalajara,2024-10-30,Activo
SOC-3231,38,Otro,Mérida,2024-07-02,Inactivo
SOC-3232,55,Masculino,Mérida,2024-12-24,Activo
SOC-3233,40,Otro,Querétaro,2024-03-13,Activo
SOC-3234,54,Masculino,Tijuana,2025-02-18,Activo
SOC-3235,49,Otro,Monterrey,2024-03-30,Activo
SOC-3236,49,Masculino,CDMX,2024-01-29,Activo
SOC-3237,32,Otro,Guadalajara,2024-01-11,Inactivo
SOC-3238,51,Femenino,CDMX,2024-06-18,Activo
SOC-3239,57,Masculino,Tijuana,2024-03-07,Cancelado
SOC-3240,39,Otro,Guadalajara,2025-04-15,Activo
SOC-3241,69,Femenino,CDMX,2024-01-12,Inactivo
SOC-3242,27,Otro,Mérida,2025-04-14,Inactivo
SOC-3243,27,Masculino,Tijuana,2024-09-26,Inactivo
SOC-3244,41,Masculino,Monterrey,2024-12-26,Inactivo
SOC-3245,60,Femenino,Querétaro,2024-02-21,Inactivo
SOC-3246,39,Femenino,Monterrey,2024-03-10,Activo
SOC-3247,28,Otro,Puebla,2025-02-09,Activo
SOC-3248,58,Femenino,Mérida,2024-06-11,Activo
SOC-3249,29,Otro,Querétaro,2024-12-21,Cancelado
SOC-3250,57,Femenino,Guadalajara,2024-12-06,Activo
SOC-3251,55,Masculino,Puebla,2024-06-06,Inactivo
SOC-3252,64,Otro,Monterrey,2024-03-06,Activo
SOC-3253,29,Otro,CDMX,2025-04-30,Activo
SOC-3254,62,Otro,Puebla,2025-03-11,Activo
SOC-3255,67,Otro,CDMX,2024-04-03,Activo
SOC-3256,56,Femenino,Tijuana,2025-05-10,Activo
SOC-3257,57,Masculino,Mérida,2024-10-16,Activo
SOC-3258,24,Femenino,Guadalajara,2024-06-18,Activo
SOC-3259,65,Masculino,Guadalajara,2024-06-26,Activo
SOC-3260,38,Masculino,Mérida,2025-03-29,Activo
SOC-3261,23,Otro,Mérida,2024-11-23,Activo
SOC-3262,64,Femenino,Puebla,2024-01-06,Inactivo
SOC-3263,34,Masculino,Guadalajara,2024-12-20,Activo
SOC-3264,22,Femenino,Monterrey,2025-02-06,Activo
SOC-3265,24,Otro,CDMX,2024-01-25,Activo
SOC-3266,42,Femenino,Mérida,2024-08-02,Activo
SOC-3267,28,Femenino,Puebla,2025-03-27,Activo
SOC-3268,42,Femenino,Querétaro,2024-07-11,Activo
SOC-3269,24,Femenino,Tijuana,2025-03-18,Activo
SOC-3270,54,Otro,Tijuana,2024-12-17,Activo
SOC-3271,32,Masculino,Puebla,2024-02-07,Activo
SOC-3272,69,Masculino,Monterrey,2024-01-11,Inactivo
SOC-3273,38,Femenino,CDMX,2024-02-07,Inactivo
SOC-3274,39,Masculino,Puebla,2024-03-23,Activo
SOC-3275,64,Masculino,Querétaro,2025-04-27,Activo
SOC-3276,23,Femenino,Querétaro,2024-11-10,Activo
SOC-3277,48,Otro,CDMX,2024-08-08,Activo
SOC-3278,59,Masculino,Querétaro,2025-03-31,Cancelado
SOC-3279,45,Masculino,CDMX,2024-02-21,Activo
SOC-3280,39,Masculino,Guadalajara,2024-07-28,Activo
SOC-3281,62,Otro,Mérida,2025-04-18,Activo
SOC-3282,64,Otro,Monterrey,2024-12-04,Activo
SOC-3283,36,Femenino,Guadalajara,2024-02-19,Activo
SOC-3284,21,Femenino,Querétaro,2024-10-08,Activo
SOC-3285,49,Masculino,CDMX,2024-07-03,Activo
SOC-3286,18,Femenino,CDMX,2024-05-30,Activo
SOC-3287,70,Otro,Mérida,2024-11-03,Activo
SOC-3288,48,Masculino,CDMX,2024-01-14,Activo
SOC-3289,31,Masculino,Mérida,2024-05-29,Activo
SOC-3290,23,Femenino,Tijuana,2024-02-29,Activo
SOC-3291,37,Femenino,Puebla,2024-09-07,Activo
SOC-3292,60,Femenino,CDMX,2024-11-24,Activo
SOC-3293,52,Femenino,Guadalajara,2024-07-08,Activo
SOC-3294,42,Femenino,Guadalajara,2024-08-16,Activo
SOC-3295,20,Femenino,Puebla,2024-08-26,Inactivo
SOC-3296,34,Masculino,Tijuana,2024-05-17,Activo
SOC-3297,54,Masculino,Guadalajara,2025-01-20,Activo
SOC-3298,62,Otro,CDMX,2024-02-13,Activo
SOC-3299,60,Femenino,Tijuana,2024-10-04,Activo
SOC-3300,44,Otro,Guadalajara,2024-10-10,Activo
SOC-3301,21,Femenino,Tijuana,2024-09-24,Activo
SOC-3302,44,Otro,Mérida,2025-03-19,Cancelado
SOC-3303,48,Otro,Guadalajara,2024-08-31,Activo
SOC-3304,37,Masculino,Puebla,2025-04-07,Activo
SOC-3305,63,Masculino,Querétaro,2024-10-19,Activo
SOC-3306,51,Otro,Mérida,2024-11-13,Inactivo
SOC-3307,27,Masculino,Tijuana,2024-08-17,Activo
SOC-3308,29,Masculino,Guadalajara,2025-02-17,Inactivo
SOC-3309,30,Masculino,CDMX,2024-08-04,Activo
SOC-3310,23,Otro,Puebla,2024-04-13,Inactivo
SOC-3311,70,Otro,Guadalajara,2025-03-03,Activo
SOC-3312,56,Femenino,Monterrey,2025-04-11,Inactivo
SOC-3313,64,Masculino,CDMX,2024-07-17,Activo
SOC-3314,53,Femenino,Querétaro,2024-06-15,Inactivo
SOC-3315,35,Otro,Puebla,2025-04-14,Activo
SOC-3316,18,Otro,Querétaro,2024-10-27,Activo
SOC-3317,51,Femenino,CDMX,2024-07-31,Activo
SOC-3318,27,Masculino,Querétaro,2024-10-28,Activo
SOC-3319,55,Masculino,CDMX,2024-10-15,Activo
SOC-3320,67,Masculino,Tijuana,2024-05-26,Activo
SOC-3321,52,Femenino,Puebla,2024-05-15,Activo
SOC-3322,42,Otro,Puebla,2024-10-19,Activo
SOC-3323,56,Femenino,CDMX,2024-03-29,Inactivo
SOC-3324,35,Femenino,Guadalajara,2024-11-12,Activo
SOC-3325,56,Otro,Mérida,2024-07-24,Cancelado
SOC-3326,20,Femenino,Monterrey,2024-12-19,Activo
SOC-3327,33,Masculino,Mérida,2024-08-31,Activo
SOC-3328,35,Femenino,CDMX,2024-06-21,Inactivo
SOC-3329,70,Femenino,Monterrey,2024-05-23,Activo
SOC-3330,49,Otro,Mérida,2024-02-20,Activo
SOC-3331,32,Masculino,Monterrey,2025-05-13,Activo
SOC-3332,65,Femenino,Tijuana,2025-02-26,Activo
SOC-3333,38,Femenino,Mérida,2024-08-01,Activo
SOC-3334,56,Otro,CDMX,2024-04-06,Cancelado
SOC-3335,46,Masculino,Tijuana,2024-07-27,Cancelado
SOC-3336,65,Femenino,Tijuana,2024-09-21,Activo
SOC-3337,41,Masculino,Querétaro,2025-02-09,Activo
SOC-3338,28,Masculino,Monterrey,2024-12-29,Activo
SOC-3339,50,Femenino,Guadalajara,2025-02-03,Activo
SOC-3340,51,Otro,CDMX,2024-03-29,Activo
SOC-3341,30,Masculino,Tijuana,2024-01-30,Activo
SOC-3342,33,Masculino,Puebla,2024-01-26,Activo
SOC-3343,41,Otro,Guadalajara,2024-05-20,Inactivo
SOC-3344,41,Femenino,Querétaro,2024-07-22,Activo
SOC-3345,58,Masculino,Mérida,2024-01-16,Activo
SOC-3346,33,Femenino,Puebla,2024-10-31,Activo
SOC-3347,46,Masculino,Tijuana,2024-08-30,Activo
SOC-3348,55,Otro,Monterrey,2024-06-25,Activo
SOC-3349,28,Femenino,Mérida,2025-03-01,Cancelado
SOC-3350,62,Masculino,Monterrey,2024-01-15,Activo
SOC-3351,42,Masculino,Guadalajara,2025-03-13,Inactivo
SOC-3352,54,Masculino,Tijuana,2024-04-23,Activo
SOC-3353,59,Masculino,Mérida,2024-04-15,Activo
SOC-3354,35,Otro,Puebla,2024-09-19,Activo
SOC-3355,19,Otro,CDMX,2024-08-30,Activo
SOC-3356,26,Otro,Guadalajara,2024-11-03,Inactivo
SOC-3357,69,Masculino,Guadalajara,2024-05-09,Cancelado
SOC-3358,56,Femenino,Mérida,2025-05-10,Activo
SOC-3359,63,Otro,Monterrey,2024-08-04,Activo
SOC-3360,42,Femenino,Puebla,2024-05-09,Activo
SOC-3361,31,Femenino,Monterrey,2024-12-12,Cancelado
SOC-3362,51,Otro,Puebla,2024-10-26,Activo
SOC-3363,24,Masculino,Querétaro,2024-12-05,Activo
SOC-3364,41,Otro,Mérida,2024-10-31,Activo
SOC-3365,56,Femenino,Monterrey,2024-12-16,Activo
SOC-3366,24,Femenino,CDMX,2024-06-21,Activo
SOC-3367,35,Otro,Monterrey,2025-03-17,Activo
SOC-3368,35,Femenino,Mérida,2024-12-30,Cancelado
SOC-3369,59,Femenino,Guadalajara,2024-03-17,Activo
SOC-3370,51,Masculino,CDMX,2025-02-16,Activo
SOC-3371,69,Otro,Puebla,2024-12-04,Cancelado
SOC-3372,38,Otro,Guadalajara,2025-01-04,Activo
SOC-3373,19,Otro,Puebla,2024-05-31,Inactivo
SOC-3374,34,Femenino,Puebla,2024-07-17,Activo
SOC-3375,65,Masculino,Querétaro,2024-12-28,Activo
SOC-3376,54,Masculino,Monterrey,2025-01-06,Inactivo
SOC-3377,63,Masculino,Mérida,2024-09-30,Activo
SOC-3378,58,Femenino,Mérida,2024-07-02,Activo
SOC-3379,50,Femenino,Tijuana,2024-03-28,Activo
SOC-3380,60,Otro,Guadalajara,2024-05-30,Activo
SOC-3381,24,Femenino,Guadalajara,2025-01-14,Activo
SOC-3382,34,Otro,Tijuana,2024-10-13,Activo
SOC-3383,66,Masculino,Mérida,2025-04-05,Cancelado
SOC-3384,39,Otro,CDMX,2024-04-23,Activo
SOC-3385,40,Masculino,Mérida,2025-03-22,Activo
SOC-3386,37,Femenino,Tijuana,2025-03-30,Activo
SOC-3387,39,Femenino,Monterrey,2024-10-26,Inactivo
SOC-3388,36,Femenino,Tijuana,2024-03-01,Activo
SOC-3389,48,Masculino,Tijuana,2024-11-20,Cancelado
SOC-3390,55,Otro,Querétaro,2024-02-06,Activo
SOC-3391,48,Masculino,Querétaro,2024-03-02,Activo
SOC-3392,61,Femenino,Querétaro,2024-06-01,Activo
SOC-3393,44,Masculino,Tijuana,2025-03-13,Activo
SOC-3394,27,Masculino,Guadalajara,2024-06-24,Activo
SOC-3395,44,Otro,Puebla,2024-03-14,Activo
SOC-3396,38,Otro,Guadalajara,2025-02-02,Inactivo
SOC-3397,23,Femenino,Monterrey,2024-11-19,Activo
SOC-3398,29,Femenino,Mérida,2024-01-30,Activo
SOC-3399,18,Femenino,Monterrey,2024-04-17,Activo
SOC-3400,66,Masculino,Querétaro,2025-01-26,Activo
SOC-3401,28,Femenino,Tijuana,2025-01-25,Activo
SOC-3402,67,Masculino,Guadalajara,2024-11-10,Activo
SOC-3403,45,Otro,Puebla,2024-07-25,Activo
SOC-3404,45,Femenino,Puebla,2024-01-03,Activo
SOC-3405,20,Otro,Guadalajara,2025-01-09,Activo
SOC-3406,41,Masculino,Monterrey,2025-01-22,Activo
SOC-3407,51,Masculino,CDMX,2024-12-12,Inactivo
SOC-3408,18,Otro,Mérida,2024-05-07,Inactivo
SOC-3409,32,Otro,Monterrey,2024-06-08,Activo
SOC-3410,26,Masculino,Puebla,2024-09-14,Inactivo
SOC-3411,55,Femenino,Guadalajara,2024-02-03,Activo
SOC-3412,70,Masculino,Monterrey,2025-04-30,Activo
SOC-3413,36,Femenino,Mérida,2024-09-23,Activo
SOC-3414,56,Otro,Monterrey,2024-08-10,Activo
SOC-3415,61,Masculino,Monterrey,2025-04-06,Activo
SOC-3416,49,Femenino,Tijuana,2024-04-06,Cancelado
SOC-3417,28,Femenino,CDMX,2024-04-26,Activo
SOC-3418,32,Otro,Guadalajara,2024-04-18,Activo
SOC-3419,64,Masculino,Querétaro,2024-09-15,Activo
SOC-3420,28,Masculino,Monterrey,2024-12-30,Cancelado
SOC-3421,59,Masculino,Puebla,2025-03-24,Activo
SOC-3422,58,Femenino,Tijuana,2024-09-30,Activo
SOC-3423,57,Masculino,Querétaro,2024-01-25,Activo
SOC-3424,60,Masculino,Mérida,2025-03-04,Activo
SOC-3425,19,Masculino,Mérida,2024-02-29,Cancelado
SOC-3426,44,Femenino,Puebla,2024-03-04,Cancelado
SOC-3427,53,Femenino,Puebla,2024-12-25,Activo
SOC-3428,27,Masculino,Mérida,2024-12-17,Cancelado
SOC-3429,58,Masculino,Monterrey,2024-08-03,Activo
SOC-3430,60,Masculino,Mérida,2024-09-23,Inactivo
SOC-3431,35,Otro,Querétaro,2024-12-24,Activo
SOC-3432,26,Femenino,Tijuana,2025-04-05,Activo
SOC-3433,24,Otro,Mérida,2024-11-12,Activo
SOC-3434,25,Femenino,CDMX,2025-02-05,Activo
SOC-3435,24,Femenino,Guadalajara,2024-11-07,Activo
SOC-3436,30,Femenino,Tijuana,2024-09-24,Activo
SOC-3437,30,Femenino,Mérida,2024-07-28,Activo
SOC-3438,36,Masculino,CDMX,2024-10-07,Activo
SOC-3439,49,Masculino,Mérida,2025-04-22,Activo
SOC-3440,48,Femenino,Guadalajara,2024-01-02,Activo
SOC-3441,18,Otro,CDMX,2025-04-09,Cancelado
SOC-3442,25,Otro,Mérida,2024-09-09,Activo
SOC-3443,27,Masculino,Tijuana,2024-09-18,Activo
SOC-3444,22,Otro,Mérida,2024-02-21,Activo
SOC-3445,34,Otro,Guadalajara,2024-08-21,Inactivo
SOC-3446,36,Femenino,Puebla,2024-01-26,Activo
SOC-3447,24,Masculino,Tijuana,2024-01-21,Activo
SOC-3448,36,Femenino,Tijuana,2024-12-12,Inactivo
SOC-3449,38,Femenino,Mérida,2024-02-29,Cancelado
SOC-3450,24,Masculino,CDMX,2025-03-12,Activo
SOC-3451,26,Otro,Mérida,2024-03-28,Activo
SOC-3452,39,Femenino,Puebla,2025-05-04,Activo
SOC-3453,57,Femenino,Mérida,2024-02-17,Inactivo
SOC-3454,41,Femenino,Guadalajara,2024-02-28,Activo
SOC-3455,43,Femenino,Puebla,2024-05-19,Activo
SOC-3456,42,Otro,Tijuana,2024-09-01,Cancelado
SOC-3457,69,Femenino,Mérida,2025-03-29,Activo
SOC-3458,69,Masculino,CDMX,2024-03-08,Activo
SOC-3459,62,Otro,CDMX,2025-04-27,Activo
SOC-3460,28,Masculino,Puebla,2025-04-11,Activo
SOC-3461,55,Femenino,Tijuana,2024-10-18,Activo
SOC-3462,61,Femenino,Guadalajara,2024-11-08,Activo
SOC-3463,42,Femenino,Querétaro,2024-01-15,Activo
SOC-3464,61,Otro,Guadalajara,2024-09-04,Activo
SOC-3465,49,Masculino,Puebla,2024-08-13,Cancelado
SOC-3466,20,Masculino,Monterrey,2024-12-01,Activo
SOC-3467,38,Masculino,Mérida,2025-03-20,Cancelado
SOC-3468,61,Otro,Tijuana,2025-01-15,Activo
SOC-3469,54,Otro,Querétaro,2024-04-24,Inactivo
SOC-3470,60,Femenino,Querétaro,2024-09-24,Inactivo
SOC-3471,62,Otro,Querétaro,2024-02-18,Activo
SOC-3472,45,Otro,Mérida,2024-05-07,Activo
SOC-3473,48,Femenino,Mérida,2024-12-12,Inactivo
SOC-3474,59,Femenino,Guadalajara,2025-03-05,Activo
SOC-3475,70,Otro,Querétaro,2024-01-28,Activo
SOC-3476,18,Otro,Guadalajara,2024-09-15,Activo
SOC-3477,48,Femenino,Tijuana,2024-03-25,Inactivo
SOC-3478,22,Femenino,Monterrey,2024-05-03,Inactivo
SOC-3479,39,Femenino,CDMX,2024-09-16,Inactivo
SOC-3480,32,Otro,Mérida,2024-07-12,Activo
SOC-3481,43,Masculino,CDMX,2024-08-23,Inactivo
SOC-3482,46,Otro,Puebla,2024-02-15,Activo
SOC-3483,49,Femenino,Monterrey,2024-03-01,Activo
SOC-3484,49,Otro,Mérida,2024-01-10,Activo
SOC-3485,24,Femenino,Puebla,2024-01-19,Activo
SOC-3486,53,Otro,CDMX,2025-02-26,Activo
SOC-3487,23,Otro,Querétaro,2024-11-22,Activo
SOC-3488,37,Otro,Querétaro,2024-04-15,Activo
SOC-3489,59,Otro,Puebla,2025-05-01,Activo
SOC-3490,39,Femenino,Tijuana,2024-01-28,Activo
SOC-3491,70,Masculino,Tijuana,2024-08-20,Activo
SOC-3492,39,Otro,Tijuana,2024-11-13,Activo
SOC-3493,56,Femenino,Mérida,2024-12-02,Activo
SOC-3494,41,Otro,Puebla,2024-02-28,Activo
SOC-3495,24,Otro,Guadalajara,2024-01-02,Activo
SOC-3496,39,Femenino,Tijuana,2024-11-20,Activo
SOC-3497,69,Femenino,Querétaro,2024-09-24,Activo
SOC-3498,41,Otro,CDMX,2024-01-24,Activo
SOC-3499,28,Femenino,Guadalajara,2025-02-24,Activo
SOC-3500,63,Otro,Mérida,2024-07-28,Inactivo
SOC-3501,24,Femenino,Querétaro,2024-04-10,Activo
SOC-3502,30,Masculino,Tijuana,2024-07-20,Activo
SOC-3503,31,Femenino,Tijuana,2025-02-04,Activo
SOC-3504,30,Otro,Monterrey,2024-02-25,Activo
SOC-3505,66,Femenino,CDMX,2025-04-19,Activo
SOC-3506,58,Otro,Querétaro,2024-03-04,Activo
SOC-3507,67,Femenino,Puebla,2024-12-03,Activo
SOC-3508,55,Otro,Guadalajara,2025-05-08,Activo
SOC-3509,49,Masculino,Querétaro,2025-01-11,Activo
SOC-3510,21,Otro,Puebla,2025-03-05,Inactivo
SOC-3511,55,Femenino,Querétaro,2025-02-03,Inactivo
SOC-3512,29,Otro,Querétaro,2024-03-29,Activo
SOC-3513,64,Masculino,CDMX,2024-07-17,Cancelado
SOC-3514,60,Otro,Querétaro,2025-03-27,Activo
SOC-3515,38,Otro,Puebla,2024-08-02,Activo
SOC-3516,56,Otro,Tijuana,2024-05-07,Activo
SOC-3517,35,Femenino,Monterrey,2025-05-11,Activo
SOC-3518,36,Femenino,Tijuana,2024-03-09,Inactivo
SOC-3519,26,Femenino,Querétaro,2024-12-24,Activo
SOC-3520,65,Otro,Monterrey,2025-03-07,Cancelado
SOC-3521,62,Otro,Tijuana,2024-06-09,Activo
SOC-3522,63,Otro,Querétaro,2024-11-19,Cancelado
SOC-3523,31,Masculino,Guadalajara,2024-11-15,Activo
SOC-3524,63,Femenino,Mérida,2024-06-25,Activo
SOC-3525,61,Masculino,Mérida,2024-11-28,Activo
SOC-3526,29,Otro,Querétaro,2024-12-21,Activo
SOC-3527,58,Femenino,Mérida,2024-02-29,Activo
SOC-3528,66,Femenino,Querétaro,2024-09-02,Activo
SOC-3529,55,Otro,Mérida,2024-12-29,Inactivo
SOC-3530,44,Otro,Mérida,2025-04-02,Activo
SOC-3531,52,Femenino,Tijuana,2024-08-04,Activo
SOC-3532,69,Masculino,Querétaro,2024-02-24,Activo
SOC-3533,19,Femenino,Guadalajara,2024-01-28,Activo
SOC-3534,60,Masculino,Guadalajara,2024-05-16,Activo
SOC-3535,66,Masculino,Monterrey,2024-12-15,Activo
SOC-3536,34,Masculino,Tijuana,2024-02-01,Activo
SOC-3537,62,Femenino,Guadalajara,2025-01-20,Activo
SOC-3538,52,Masculino,Monterrey,2025-02-20,Activo
SOC-3539,46,Masculino,Querétaro,2025-03-20,Activo
SOC-3540,61,Otro,Querétaro,2025-03-18,Activo
SOC-3541,32,Otro,Mérida,2024-10-14,Activo
SOC-3542,42,Masculino,Querétaro,2025-02-05,Activo
SOC-3543,68,Otro,Monterrey,2024-12-20,Activo
SOC-3544,60,Masculino,Puebla,2024-07-17,Activo
SOC-3545,44,Otro,Monterrey,2025-05-09,Cancelado
SOC-3546,53,Masculino,CDMX,2025-01-15,Activo
SOC-3547,34,Masculino,Querétaro,2025-03-20,Inactivo
SOC-3548,67,Femenino,Tijuana,2024-04-25,Activo
SOC-3549,58,Otro,Mérida,2024-11-27,Activo
SOC-3550,41,Otro,Querétaro,2025-01-13,Activo
SOC-3551,56,Masculino,Tijuana,2025-01-06,Cancelado
SOC-3552,30,Femenino,Puebla,2024-03-31,Activo
SOC-3553,61,Masculino,Guadalajara,2025-05-07,Inactivo
SOC-3554,29,Otro,Querétaro,2024-03-02,Inactivo
SOC-3555,42,Masculino,Puebla,2024-05-22,Activo
SOC-3556,53,Femenino,Guadalajara,2024-03-23,Activo
SOC-3557,55,Femenino,CDMX,2024-06-18,Activo
SOC-3558,47,Otro,Guadalajara,2024-01-21,Activo
SOC-3559,27,Femenino,Querétaro,2024-01-27,Inactivo
SOC-3560,67,Otro,Querétaro,2025-03-07,Cancelado
SOC-3561,60,Femenino,Puebla,2025-02-08,Activo
SOC-3562,54,Otro,Monterrey,2024-02-07,Activo
SOC-3563,68,Otro,Monterrey,2024-09-26,Inactivo
SOC-3564,32,Masculino,Querétaro,2024-02-04,Activo
SOC-3565,68,Otro,Guadalajara,2024-07-31,Inactivo
SOC-3566,52,Otro,Puebla,2024-02-17,Activo
SOC-3567,40,Masculino,Guadalajara,2024-12-05,Activo
SOC-3568,39,Femenino,Monterrey,2024-05-30,Activo
SOC-3569,31,Otro,Querétaro,2024-08-31,Activo
SOC-3570,53,Otro,CDMX,2024-02-28,Activo
SOC-3571,60,Femenino,Puebla,2024-05-03,Activo
SOC-3572,59,Otro,Querétaro,2024-05-04,Activo
SOC-3573,20,Otro,Monterrey,2024-07-14,Activo
SOC-3574,68,Masculino,Puebla,2024-05-11,Inactivo
SOC-3575,52,Otro,Monterrey,2024-01-13,Activo
SOC-3576,51,Femenino,Querétaro,2025-02-15,Activo
SOC-3577,50,Femenino,Puebla,2024-01-23,Activo
SOC-3578,36,Otro,Guadalajara,2024-06-13,Activo
SOC-3579,50,Masculino,CDMX,2024-03-26,Activo
SOC-3580,67,Otro,Querétaro,2024-01-04,Activo
SOC-3581,58,Masculino,Guadalajara,2024-12-09,Activo
SOC-3582,58,Masculino,Tijuana,2024-12-16,Activo
SOC-3583,45,Masculino,Guadalajara,2024-10-02,Activo
SOC-3584,62,Otro,Tijuana,2024-08-10,Activo
SOC-3585,59,Masculino,Mérida,2024-12-17,Cancelado
SOC-3586,27,Masculino,Puebla,2025-01-02,Activo
SOC-3587,39,Masculino,CDMX,2024-02-07,Activo
SOC-3588,21,Masculino,Tijuana,2024-05-08,Activo
SOC-3589,53,Masculino,Querétaro,2025-02-24,Activo
SOC-3590,32,Femenino,Puebla,2024-07-17,Activo
SOC-3591,46,Otro,Puebla,2024-08-09,Activo
SOC-3592,38,Masculino,Puebla,2024-12-10,Cancelado
SOC-3593,25,Otro,CDMX,2024-11-24,Activo
SOC-3594,64,Otro,CDMX,2025-01-22,Activo
SOC-3595,65,Otro,CDMX,2024-12-24,Activo
SOC-3596,22,Femenino,Querétaro,2024-02-24,Activo
SOC-3597,36,Otro,Monterrey,2024-11-06,Activo
SOC-3598,23,Femenino,Tijuana,2025-04-19,Activo
SOC-3599,46,Femenino,Puebla,2025-02-24,Activo
SOC-3600,60,Masculino,Puebla,2024-03-21,Inactivo
SOC-3601,52,Masculino,Guadalajara,2025-01-17,Activo
SOC-3602,43,Otro,Monterrey,2025-05-06,Activo
SOC-3603,58,Masculino,Monterrey,2024-12-12,Activo
SOC-3604,68,Otro,Mérida,2024-07-10,Activo
SOC-3605,18,Otro,Tijuana,2024-10-11,Activo
SOC-3606,27,Masculino,CDMX,2024-01-03,Activo
SOC-3607,54,Otro,Puebla,2024-10-02,Activo
SOC-3608,53,Masculino,Monterrey,2024-04-17,Inactivo
SOC-3609,65,Otro,Mérida,2024-06-25,Activo
SOC-3610,31,Femenino,Mérida,2025-03-11,Activo
SOC-3611,50,Masculino,Guadalajara,2024-04-04,Inactivo
SOC-3612,32,Otro,Tijuana,2024-05-09,Activo
SOC-3613,30,Masculino,Guadalajara,2024-12-09,Activo
SOC-3614,69,Otro,Tijuana,2024-01-28,Activo
SOC-3615,66,Otro,Puebla,2024-11-26,Activo
SOC-3616,53,Masculino,Monterrey,2024-12-09,Activo
SOC-3617,22,Femenino,CDMX,2024-04-11,Cancelado
SOC-3618,64,Otro,Puebla,2025-05-02,Activo
SOC-3619,39,Femenino,Guadalajara,2024-12-09,Activo
SOC-3620,59,Masculino,CDMX,2024-05-25,Activo
SOC-3621,57,Masculino,Guadalajara,2024-06-11,Activo
SOC-3622,49,Femenino,Monterrey,2024-11-11,Activo
SOC-3623,60,Femenino,Mérida,2024-10-26,Activo
SOC-3624,27,Otro,Querétaro,2024-07-05,Cancelado
SOC-3625,69,Femenino,Puebla,2024-03-27,Activo
SOC-3626,18,Femenino,Guadalajara,2025-02-06,Activo
SOC-3627,32,Otro,Mérida,2024-11-24,Activo
SOC-3628,45,Femenino,Tijuana,2024-07-03,Activo
SOC-3629,26,Otro,Mérida,2024-06-18,Activo
SOC-3630,48,Femenino,Puebla,2024-07-02,Activo
SOC-3631,67,Femenino,Puebla,2024-10-09,Inactivo
SOC-3632,24,Masculino,Mérida,2024-11-06,Activo
SOC-3633,23,Femenino,Tijuana,2025-02-27,Activo
SOC-3634,26,Otro,Guadalajara,2024-05-14,Inactivo
SOC-3635,64,Otro,CDMX,2025-01-07,Cancelado
SOC-3636,22,Masculino,Tijuana,2024-09-16,Activo
SOC-3637,58,Masculino,Tijuana,2024-10-24,Activo
SOC-3638,55,Femenino,Tijuana,2024-10-29,Activo
SOC-3639,31,Masculino,Querétaro,2024-05-13,Cancelado
SOC-3640,52,Otro,Puebla,2024-11-30,Cancelado
SOC-3641,67,Masculino,Monterrey,2024-07-19,Activo
SOC-3642,32,Otro,Mérida,2025-03-14,Inactivo
SOC-3643,36,Masculino,Puebla,2024-09-13,Activo
SOC-3644,50,Masculino,Puebla,2024-07-05,Activo
SOC-3645,50,Masculino,Mérida,2024-05-02,Activo
SOC-3646,69,Otro,Mérida,2024-03-25,Inactivo
SOC-3647,66,Otro,Guadalajara,2024-08-16,Activo
SOC-3648,28,Masculino,Querétaro,2025-04-30,Inactivo
SOC-3649,54,Otro,Tijuana,2025-05-10,Inactivo
SOC-3650,27,Otro,Mérida,2024-09-04,Activo
SOC-3651,40,Masculino,Guadalajara,2025-01-24,Activo
SOC-3652,49,Masculino,CDMX,2024-05-15,Activo
SOC-3653,41,Masculino,CDMX,2024-12-08,Activo
SOC-3654,31,Otro,Tijuana,2024-07-03,Activo
SOC-3655,42,Femenino,Puebla,2025-03-27,Activo
SOC-3656,20,Masculino,Mérida,2024-06-14,Cancelado
SOC-3657,24,Otro,Querétaro,2024-11-20,Activo
SOC-3658,35,Otro,Monterrey,2024-10-23,Activo
SOC-3659,52,Otro,Guadalajara,2024-07-11,Activo
SOC-3660,59,Femenino,Monterrey,2024-10-27,Activo
SOC-3661,59,Masculino,Querétaro,2024-05-08,Activo
SOC-3662,42,Masculino,Querétaro,2024-07-26,Activo
SOC-3663,40,Femenino,Puebla,2025-02-09,Cancelado
SOC-3664,48,Otro,CDMX,2024-09-13,Activo
SOC-3665,26,Femenino,Guadalajara,2024-04-27,Cancelado
SOC-3666,22,Otro,Mérida,2024-05-23,Inactivo
SOC-3667,31,Masculino,Guadalajara,2024-03-21,Activo
SOC-3668,41,Otro,Mérida,2025-02-22,Cancelado
SOC-3669,25,Otro,Guadalajara,2024-07-31,Activo
SOC-3670,69,Femenino,Mérida,2024-02-28,Inactivo
SOC-3671,48,Otro,Puebla,2024-09-02,Activo
SOC-3672,31,Otro,Guadalajara,2024-11-27,Inactivo
SOC-3673,44,Masculino,Guadalajara,2024-01-23,Inactivo
SOC-3674,26,Otro,Querétaro,2024-03-23,Inactivo
SOC-3675,26,Otro,Querétaro,2024-01-21,Inactivo
SOC-3676,54,Masculino,CDMX,2024-03-26,Activo
SOC-3677,34,Masculino,Querétaro,2025-05-05,Activo
SOC-3678,43,Otro,Querétaro,2024-11-22,Activo
SOC-3679,19,Otro,Mérida,2024-12-04,Activo
SOC-3680,70,Femenino,CDMX,2024-04-20,Activo
SOC-3681,46,Otro,Puebla,2025-03-20,Activo
SOC-3682,48,Masculino,Guadalajara,2025-03-01,Cancelado
SOC-3683,44,Otro,Guadalajara,2025-02-10,Activo
SOC-3684,55,Masculino,Querétaro,2024-12-03,Inactivo
SOC-3685,50,Femenino,Guadalajara,2025-01-05,Activo
SOC-3686,61,Femenino,Puebla,2024-11-01,Inactivo
SOC-3687,55,Masculino,Guadalajara,2024-07-12,Cancelado
SOC-3688,42,Masculino,CDMX,2024-01-09,Activo
SOC-3689,30,Otro,Tijuana,2025-04-10,Activo
SOC-3690,50,Otro,Puebla,2025-02-27,Inactivo
SOC-3691,27,Otro,CDMX,2024-03-31,Activo
SOC-3692,48,Otro,Querétaro,2024-01-20,Activo
SOC-3693,68,Otro,Querétaro,2025-01-20,Activo
SOC-3694,25,Masculino,Puebla,2024-12-03,Activo
SOC-3695,26,Otro,Querétaro,2025-02-27,Activo
SOC-3696,18,Otro,Mérida,2024-08-08,Activo
SOC-3697,51,Femenino,Monterrey,2025-03-23,Activo
SOC-3698,20,Otro,Querétaro,2024-08-07,Activo
SOC-3699,32,Femenino,Tijuana,2025-01-28,Cancelado
SOC-3700,42,Femenino,Querétaro,2025-02-15,Activo
SOC-3701,65,Otro,Querétaro,2024-02-20,Cancelado
SOC-3702,45,Masculino,Monterrey,2024-09-01,Activo
SOC-3703,67,Masculino,Tijuana,2024-02-12,Activo
SOC-3704,36,Otro,Querétaro,2024-07-28,Activo
SOC-3705,34,Masculino,CDMX,2024-12-29,Activo
SOC-3706,65,Masculino,Querétaro,2024-09-24,Activo
SOC-3707,25,Otro,CDMX,2024-07-11,Activo
SOC-3708,59,Masculino,Mérida,2025-02-15,Activo
SOC-3709,38,Femenino,Monterrey,2024-02-24,Activo
SOC-3710,27,Femenino,Mérida,2024-10-26,Activo
SOC-3711,34,Femenino,Tijuana,2024-10-01,Activo
SOC-3712,45,Otro,Monterrey,2024-11-09,Activo
SOC-3713,35,Otro,Puebla,2025-01-21,Inactivo
SOC-3714,31,Femenino,Querétaro,2025-02-05,Activo
SOC-3715,53,Femenino,Guadalajara,2024-07-08,Activo
SOC-3716,53,Otro,Puebla,2024-05-09,Cancelado
SOC-3717,37,Otro,Monterrey,2025-01-31,Activo
SOC-3718,63,Femenino,Mérida,2024-03-11,Activo
SOC-3719,60,Masculino,Mérida,2024-04-27,Cancelado
SOC-3720,46,Otro,Guadalajara,2024-02-21,Activo
SOC-3721,31,Otro,Puebla,2025-02-06,Activo
SOC-3722,39,Otro,Querétaro,2024-12-22,Activo
SOC-3723,61,Otro,CDMX,2024-03-23,Activo
SOC-3724,42,Otro,CDMX,2025-02-15,Activo
SOC-3725,23,Masculino,Puebla,2025-04-19,Activo
SOC-3726,56,Femenino,CDMX,2024-02-02,Activo
SOC-3727,34,Masculino,Monterrey,2024-02-10,Activo
SOC-3728,56,Masculino,Mérida,2024-07-15,Cancelado
SOC-3729,43,Otro,Mérida,2024-09-23,Inactivo
SOC-3730,36,Otro,Querétaro,2024-01-30,Activo
SOC-3731,67,Masculino,Mérida,2024-09-10,Activo
SOC-3732,46,Masculino,Guadalajara,2025-03-11,Activo
SOC-3733,60,Otro,Monterrey,2024-04-09,Activo
SOC-3734,20,Otro,Querétaro,2024-09-21,Activo
SOC-3735,62,Masculino,Querétaro,2024-03-27,Activo
SOC-3736,61,Masculino,Monterrey,2024-05-02,Inactivo
SOC-3737,59,Masculino,Guadalajara,2024-02-14,Activo
SOC-3738,35,Femenino,Monterrey,2024-12-08,Activo
SOC-3739,43,Femenino,Querétaro,2024-04-12,Activo
SOC-3740,51,Masculino,Mérida,2024-12-26,Activo
SOC-3741,22,Masculino,Querétaro,2024-05-25,Inactivo
SOC-3742,64,Otro,Querétaro,2024-06-27,Activo
SOC-3743,40,Femenino,Guadalajara,2024-11-06,Inactivo
SOC-3744,30,Femenino,Puebla,2024-10-21,Activo
SOC-3745,18,Femenino,Guadalajara,2024-07-27,Activo
SOC-3746,50,Masculino,Querétaro,2024-02-07,Activo
SOC-3747,50,Femenino,Monterrey,2025-04-29,Activo
SOC-3748,25,Otro,Monterrey,2025-03-24,Activo
SOC-3749,52,Otro,Monterrey,2024-12-21,Inactivo
SOC-3750,46,Femenino,Querétaro,2024-09-04,Activo
SOC-3751,67,Masculino,Tijuana,2024-06-22,Activo
SOC-3752,67,Femenino,Mérida,2024-08-23,Activo
SOC-3753,55,Masculino,Puebla,2024-02-29,Activo
SOC-3754,34,Masculino,Puebla,2024-11-20,Activo
SOC-3755,68,Masculino,Mérida,2024-12-25,Cancelado
SOC-3756,32,Femenino,Puebla,2025-05-04,Inactivo
SOC-3757,40,Otro,Querétaro,2024-01-05,Cancelado
SOC-3758,62,Femenino,Guadalajara,2024-05-27,Activo
SOC-3759,23,Femenino,Mérida,2025-01-18,Activo
SOC-3760,70,Femenino,CDMX,2024-10-10,Activo
SOC-3761,29,Femenino,Monterrey,2024-06-30,Activo
SOC-3762,31,Otro,Monterrey,2024-04-03,Inactivo
SOC-3763,65,Otro,Guadalajara,2024-09-12,Activo
SOC-3764,65,Masculino,Guadalajara,2025-01-11,Activo
SOC-3765,33,Femenino,Guadalajara,2024-04-27,Activo
SOC-3766,30,Masculino,Tijuana,2024-11-12,Activo
SOC-3767,40,Masculino,Tijuana,2024-02-24,Activo
SOC-3768,25,Masculino,Mérida,2025-05-04,Activo
SOC-3769,60,Femenino,Querétaro,2024-01-04,Activo
SOC-3770,66,Otro,CDMX,2025-03-10,Activo
SOC-3771,48,Femenino,Querétaro,2024-06-10,Activo
SOC-3772,49,Otro,Tijuana,2024-05-20,Inactivo
SOC-3773,49,Masculino,Tijuana,2025-04-13,Inactivo
SOC-3774,50,Femenino,Puebla,2024-04-23,Cancelado
SOC-3775,66,Otro,Guadalajara,2024-01-28,Inactivo
SOC-3776,51,Femenino,Puebla,2025-04-26,Activo
SOC-3777,52,Masculino,Querétaro,2024-06-26,Activo
SOC-3778,43,Otro,Tijuana,2024-03-30,Activo
SOC-3779,47,Masculino,Mérida,2024-09-22,Activo
SOC-3780,47,Femenino,Mérida,2024-01-05,Inactivo
SOC-3781,18,Otro,Guadalajara,2024-07-13,Activo
SOC-3782,55,Masculino,Monterrey,2024-07-04,Cancelado
SOC-3783,57,Femenino,Guadalajara,2024-10-07,Activo
SOC-3784,34,Masculino,Monterrey,2024-08-29,Activo
SOC-3785,57,Femenino,Monterrey,2024-04-04,Activo
SOC-3786,49,Femenino,Guadalajara,2024-08-02,Inactivo
SOC-3787,62,Femenino,Monterrey,2025-03-13,Activo
SOC-3788,43,Femenino,Puebla,2024-04-02,Activo
SOC-3789,54,Masculino,Querétaro,2024-12-17,Activo
SOC-3790,32,Masculino,Mérida,2024-05-18,Activo
SOC-3791,69,Masculino,Querétaro,2024-08-09,Activo
SOC-3792,42,Masculino,Guadalajara,2025-02-13,Activo
SOC-3793,65,Masculino,Puebla,2025-02-16,Activo
SOC-3794,18,Masculino,Puebla,2024-09-12,Activo
SOC-3795,26,Otro,Querétaro,2024-09-30,Activo
SOC-3796,64,Femenino,Tijuana,2024-09-06,Activo
SOC-3797,37,Femenino,Querétaro,2025-03-15,Activo
SOC-3798,54,Masculino,Puebla,2024-02-20,Activo
SOC-3799,62,Masculino,CDMX,2024-04-20,Activo
SOC-3800,70,Femenino,Puebla,2025-03-05,Activo
